order_id,customer_id,order_date,order_amount
ORD-10000,CUST-1001,2024-03-03,16.39
ORD-10001,CUST-1001,2024-06-06,72.24
ORD-10002,CUST-1001,2024-08-05,13.85
ORD-10003,CUST-1002,2024-05-01,60.86
ORD-10004,CUST-1002,2024-05-31,34.87
ORD-10005,CUST-1003,2024-05-26,52.08
ORD-10006,CUST-1004,2024-01-19,73.3
ORD-10007,CUST-1005,2024-02-09,87.43
ORD-10008,CUST-1005,2024-03-11,20.96
ORD-10009,CUST-1005,2024-04-15,14.77
ORD-10010,CUST-1006,2024-07-27,63.93
ORD-10011,CUST-1007,2024-01-19,38.08
ORD-10012,CUST-1007,2024-02-15,33.08
ORD-10013,CUST-1007,2024-05-09,41.18
ORD-10014,CUST-1007,2024-05-28,63.36
ORD-10015,CUST-1007,2024-06-08,117.83
ORD-10016,CUST-1007,2024-06-16,294.22
ORD-10017,CUST-1008,2024-11-22,92.26
ORD-10018,CUST-1009,2024-12-11,75.96
ORD-10019,CUST-1009,2025-01-03,16.77
ORD-10020,CUST-1010,2024-02-17,93.69
ORD-10021,CUST-1010,2024-04-26,66.05
ORD-10022,CUST-1010,2024-07-06,56.75
ORD-10023,CUST-1011,2024-01-13,78.26
ORD-10024,CUST-1012,2024-01-31,34.74
ORD-10025,CUST-1012,2024-02-12,185.07
ORD-10026,CUST-1012,2024-05-01,77.73
ORD-10027,CUST-1012,2024-08-06,118.32
ORD-10028,CUST-1013,2024-04-01,48.71
ORD-10029,CUST-1013,2024-06-21,140.64
ORD-10030,CUST-1013,2024-06-26,58.97
ORD-10031,CUST-1013,2024-07-25,28.83
ORD-10032,CUST-1014,2024-07-26,91.42
ORD-10033,CUST-1015,2024-01-15,73.63
ORD-10034,CUST-1015,2024-02-20,15.94
ORD-10035,CUST-1015,2024-03-10,167.78
ORD-10036,CUST-1015,2024-03-27,22.67
ORD-10037,CUST-1016,2024-09-09,77.75
ORD-10038,CUST-1016,2024-10-18,18.65
ORD-10039,CUST-1016,2025-01-12,37.64
ORD-10040,CUST-1016,2025-01-26,15.21
ORD-10041,CUST-1016,2025-03-12,86.07
ORD-10042,CUST-1017,2024-06-03,191.92
ORD-10043,CUST-1017,2024-06-14,39.61
ORD-10044,CUST-1017,2024-06-24,180.6
ORD-10045,CUST-1018,2024-07-30,30.5
ORD-10046,CUST-1018,2024-08-08,160.38
ORD-10047,CUST-1019,2024-03-05,161.23
ORD-10048,CUST-1019,2024-04-20,13.1
ORD-10049,CUST-1019,2024-04-29,83.3
ORD-10050,CUST-1019,2024-05-04,23.9
ORD-10051,CUST-1019,2024-06-13,89.03
ORD-10052,CUST-1019,2024-08-04,29.01
ORD-10053,CUST-1019,2024-10-04,30.1
ORD-10054,CUST-1020,2024-04-16,30.68
ORD-10055,CUST-1020,2024-09-30,44.96
ORD-10056,CUST-1020,2025-01-13,77.33
ORD-10057,CUST-1020,2025-03-30,57.9
ORD-10058,CUST-1020,2025-05-12,56.59
ORD-10059,CUST-1021,2024-09-15,25.17
ORD-10060,CUST-1022,2025-01-06,48.83
ORD-10061,CUST-1022,2025-06-13,227.89
ORD-10062,CUST-1023,2024-05-06,24.57
ORD-10063,CUST-1024,2024-07-26,148.91
ORD-10064,CUST-1024,2024-09-29,90.11
ORD-10065,CUST-1024,2024-11-27,41.46
ORD-10066,CUST-1024,2024-12-17,120.23
ORD-10067,CUST-1024,2025-03-06,143.67
ORD-10068,CUST-1025,2024-02-07,68.62
ORD-10069,CUST-1025,2024-02-13,53.23
ORD-10070,CUST-1025,2024-03-24,34.45
ORD-10071,CUST-1025,2024-05-08,14.51
ORD-10072,CUST-1025,2024-05-14,124.91
ORD-10073,CUST-1025,2024-06-08,21.33
ORD-10074,CUST-1025,2024-07-16,108.03
ORD-10075,CUST-1026,2024-07-31,63.06
ORD-10076,CUST-1027,2024-02-01,14.17
ORD-10077,CUST-1027,2024-07-02,130.0
ORD-10078,CUST-1027,2024-08-29,46.68
ORD-10079,CUST-1027,2024-09-11,23.56
ORD-10080,CUST-1027,2024-09-28,64.29
ORD-10081,CUST-1028,2024-05-22,104.68
ORD-10082,CUST-1028,2024-05-27,20.52
ORD-10083,CUST-1028,2024-06-03,15.2
ORD-10084,CUST-1028,2024-09-03,91.56
ORD-10085,CUST-1028,2024-10-06,19.19
ORD-10086,CUST-1028,2024-11-10,54.19
ORD-10087,CUST-1029,2024-05-29,76.4
ORD-10088,CUST-1029,2024-07-04,138.69
ORD-10089,CUST-1029,2024-08-26,24.06
ORD-10090,CUST-1030,2025-01-11,68.19
ORD-10091,CUST-1031,2024-01-28,19.4
ORD-10092,CUST-1031,2024-02-02,18.95
ORD-10093,CUST-1031,2024-03-29,17.3
ORD-10094,CUST-1031,2024-04-20,133.63
ORD-10095,CUST-1031,2024-04-26,121.99
ORD-10096,CUST-1031,2024-05-15,20.67
ORD-10097,CUST-1032,2025-01-31,47.09
ORD-10098,CUST-1032,2025-02-25,109.87
ORD-10099,CUST-1032,2025-03-20,186.06
ORD-10100,CUST-1032,2025-06-20,48.92
ORD-10101,CUST-1032,2025-08-26,103.8
ORD-10102,CUST-1032,2025-09-04,163.85
ORD-10103,CUST-1033,2024-12-28,18.72
ORD-10104,CUST-1033,2025-01-19,207.3
ORD-10105,CUST-1033,2025-06-08,67.88
ORD-10106,CUST-1034,2024-07-16,16.35
ORD-10107,CUST-1034,2024-08-25,50.37
ORD-10108,CUST-1034,2024-12-06,40.59
ORD-10109,CUST-1034,2024-12-16,22.53
ORD-10110,CUST-1034,2025-02-23,75.09
ORD-10111,CUST-1034,2025-03-04,18.21
ORD-10112,CUST-1035,2024-02-03,293.0
ORD-10113,CUST-1035,2024-02-29,42.6
ORD-10114,CUST-1036,2024-08-11,48.38
ORD-10115,CUST-1036,2024-11-30,20.16
ORD-10116,CUST-1036,2025-01-04,13.24
ORD-10117,CUST-1036,2025-02-06,16.27
ORD-10118,CUST-1037,2025-01-19,43.04
ORD-10119,CUST-1037,2025-02-08,144.42
ORD-10120,CUST-1038,2025-01-22,15.37
ORD-10121,CUST-1039,2024-10-05,51.9
ORD-10122,CUST-1039,2024-11-23,69.56
ORD-10123,CUST-1039,2025-03-12,15.52
ORD-10124,CUST-1039,2025-03-31,207.76
ORD-10125,CUST-1039,2025-07-13,52.03
ORD-10126,CUST-1040,2024-07-04,40.84
ORD-10127,CUST-1041,2024-05-03,121.76
ORD-10128,CUST-1041,2024-06-28,24.04
ORD-10129,CUST-1041,2024-10-19,124.88
ORD-10130,CUST-1042,2024-01-11,43.2
ORD-10131,CUST-1042,2024-03-30,296.18
ORD-10132,CUST-1042,2024-04-11,71.11
ORD-10133,CUST-1042,2024-05-07,240.24
ORD-10134,CUST-1043,2024-12-11,121.45
ORD-10135,CUST-1043,2025-12-18,382.67
ORD-10136,CUST-1043,2026-01-28,107.74
ORD-10137,CUST-1044,2025-01-16,73.07
ORD-10138,CUST-1044,2025-02-01,84.9
ORD-10139,CUST-1045,2024-09-25,60.25
ORD-10140,CUST-1046,2024-01-12,103.96
ORD-10141,CUST-1046,2024-02-29,91.65
ORD-10142,CUST-1046,2024-03-15,22.03
ORD-10143,CUST-1046,2024-03-20,40.56
ORD-10144,CUST-1046,2024-05-04,44.87
ORD-10145,CUST-1047,2025-01-05,56.54
ORD-10146,CUST-1047,2025-01-23,52.45
ORD-10147,CUST-1047,2025-07-23,56.6
ORD-10148,CUST-1047,2025-08-14,77.73
ORD-10149,CUST-1047,2025-08-31,17.63
ORD-10150,CUST-1047,2025-09-11,21.41
ORD-10151,CUST-1047,2025-09-23,22.21
ORD-10152,CUST-1048,2024-12-24,54.25
ORD-10153,CUST-1049,2024-01-17,24.53
ORD-10154,CUST-1050,2024-02-18,52.65
ORD-10155,CUST-1051,2024-01-16,116.92
ORD-10156,CUST-1052,2024-04-20,119.16
ORD-10157,CUST-1052,2024-06-26,25.76
ORD-10158,CUST-1053,2024-05-27,52.86
ORD-10159,CUST-1054,2024-10-12,159.12
ORD-10160,CUST-1055,2024-04-17,43.29
ORD-10161,CUST-1055,2024-04-22,37.77
ORD-10162,CUST-1055,2024-05-07,38.29
ORD-10163,CUST-1056,2024-08-02,69.95
ORD-10164,CUST-1056,2024-10-07,49.23
ORD-10165,CUST-1056,2024-10-18,34.19
ORD-10166,CUST-1056,2024-11-12,79.98
ORD-10167,CUST-1057,2024-02-10,23.28
ORD-10168,CUST-1057,2024-02-27,23.89
ORD-10169,CUST-1058,2024-12-24,17.94
ORD-10170,CUST-1059,2024-03-09,84.3
ORD-10171,CUST-1059,2024-07-11,65.39
ORD-10172,CUST-1059,2024-08-23,33.85
ORD-10173,CUST-1059,2024-11-02,25.96
ORD-10174,CUST-1059,2024-11-24,48.52
ORD-10175,CUST-1059,2024-12-30,30.54
ORD-10176,CUST-1060,2024-08-01,15.96
ORD-10177,CUST-1060,2024-08-24,21.88
ORD-10178,CUST-1060,2024-08-31,311.58
ORD-10179,CUST-1061,2024-05-19,184.92
ORD-10180,CUST-1061,2024-08-11,230.46
ORD-10181,CUST-1061,2024-08-21,97.82
ORD-10182,CUST-1061,2024-12-29,25.5
ORD-10183,CUST-1061,2025-01-06,100.34
ORD-10184,CUST-1062,2024-03-06,122.03
ORD-10185,CUST-1062,2024-04-29,60.62
ORD-10186,CUST-1062,2024-05-24,148.82
ORD-10187,CUST-1063,2024-07-20,29.68
ORD-10188,CUST-1063,2024-11-05,43.98
ORD-10189,CUST-1063,2024-12-15,166.52
ORD-10190,CUST-1063,2025-02-02,20.58
ORD-10191,CUST-1064,2024-12-23,113.51
ORD-10192,CUST-1064,2025-01-04,36.78
ORD-10193,CUST-1064,2025-01-21,101.05
ORD-10194,CUST-1064,2025-01-27,67.34
ORD-10195,CUST-1065,2024-06-07,116.24
ORD-10196,CUST-1065,2024-06-19,29.43
ORD-10197,CUST-1065,2024-08-20,95.25
ORD-10198,CUST-1065,2024-10-10,89.46
ORD-10199,CUST-1066,2024-03-13,167.91
ORD-10200,CUST-1067,2024-01-08,146.19
ORD-10201,CUST-1067,2024-05-13,66.63
ORD-10202,CUST-1067,2024-07-10,178.74
ORD-10203,CUST-1067,2024-09-08,23.26
ORD-10204,CUST-1067,2024-10-21,73.16
ORD-10205,CUST-1068,2025-01-03,145.06
ORD-10206,CUST-1068,2025-02-09,70.66
ORD-10207,CUST-1068,2025-03-08,16.16
ORD-10208,CUST-1068,2025-03-31,118.05
ORD-10209,CUST-1068,2025-04-05,38.87
ORD-10210,CUST-1068,2025-05-02,62.61
ORD-10211,CUST-1069,2024-10-22,51.62
ORD-10212,CUST-1070,2024-06-16,172.61
ORD-10213,CUST-1070,2024-07-11,68.98
ORD-10214,CUST-1071,2025-01-19,22.96
ORD-10215,CUST-1072,2024-01-27,102.6
ORD-10216,CUST-1072,2024-02-11,160.92
ORD-10217,CUST-1073,2024-07-07,66.58
ORD-10218,CUST-1074,2024-03-13,141.13
ORD-10219,CUST-1074,2024-07-27,42.87
ORD-10220,CUST-1074,2024-08-15,79.63
ORD-10221,CUST-1074,2024-09-12,14.17
ORD-10222,CUST-1074,2024-09-24,94.31
ORD-10223,CUST-1075,2024-04-02,84.94
ORD-10224,CUST-1076,2024-09-18,30.18
ORD-10225,CUST-1077,2024-09-24,27.41
ORD-10226,CUST-1077,2024-10-14,159.83
ORD-10227,CUST-1077,2024-10-19,18.31
ORD-10228,CUST-1078,2024-08-21,48.07
ORD-10229,CUST-1079,2024-09-06,46.73
ORD-10230,CUST-1079,2024-10-17,49.74
ORD-10231,CUST-1079,2024-11-06,205.24
ORD-10232,CUST-1079,2025-01-14,22.31
ORD-10233,CUST-1080,2024-04-17,63.21
ORD-10234,CUST-1080,2024-06-06,31.89
ORD-10235,CUST-1080,2024-06-17,129.59
ORD-10236,CUST-1081,2024-12-31,20.64
ORD-10237,CUST-1081,2025-02-12,33.32
ORD-10238,CUST-1082,2024-02-24,162.18
ORD-10239,CUST-1082,2024-06-01,71.64
ORD-10240,CUST-1083,2024-01-19,24.32
ORD-10241,CUST-1083,2024-03-24,18.12
ORD-10242,CUST-1083,2024-05-09,30.8
ORD-10243,CUST-1083,2024-06-05,34.64
ORD-10244,CUST-1084,2024-01-13,32.27
ORD-10245,CUST-1084,2024-02-27,15.93
ORD-10246,CUST-1084,2024-04-02,71.55
ORD-10247,CUST-1084,2024-04-25,108.29
ORD-10248,CUST-1084,2024-05-05,17.58
ORD-10249,CUST-1084,2024-07-07,56.97
ORD-10250,CUST-1085,2024-05-24,18.74
ORD-10251,CUST-1085,2024-09-18,22.06
ORD-10252,CUST-1085,2025-02-05,50.89
ORD-10253,CUST-1085,2025-02-19,63.24
ORD-10254,CUST-1085,2025-05-27,98.14
ORD-10255,CUST-1086,2025-01-30,199.93
ORD-10256,CUST-1086,2025-02-05,91.98
ORD-10257,CUST-1086,2025-06-06,25.44
ORD-10258,CUST-1086,2025-07-18,173.11
ORD-10259,CUST-1087,2024-08-26,29.49
ORD-10260,CUST-1087,2024-09-05,17.7
ORD-10261,CUST-1087,2024-11-02,39.5
ORD-10262,CUST-1087,2025-01-04,16.89
ORD-10263,CUST-1087,2025-01-26,62.9
ORD-10264,CUST-1087,2025-04-11,37.45
ORD-10265,CUST-1087,2025-05-30,153.64
ORD-10266,CUST-1087,2025-07-17,29.74
ORD-10267,CUST-1087,2025-07-23,145.16
ORD-10268,CUST-1088,2024-12-15,281.63
ORD-10269,CUST-1088,2025-02-23,47.66
ORD-10270,CUST-1088,2025-03-24,99.46
ORD-10271,CUST-1088,2025-04-10,20.11
ORD-10272,CUST-1088,2025-05-04,34.51
ORD-10273,CUST-1088,2025-05-24,29.79
ORD-10274,CUST-1088,2025-05-30,13.67
ORD-10275,CUST-1088,2025-12-18,48.78
ORD-10276,CUST-1089,2024-06-16,149.84
ORD-10277,CUST-1089,2024-10-29,53.45
ORD-10278,CUST-1089,2024-12-15,24.38
ORD-10279,CUST-1090,2024-04-02,25.12
ORD-10280,CUST-1090,2024-04-18,25.91
ORD-10281,CUST-1090,2024-06-30,40.51
ORD-10282,CUST-1091,2024-11-22,29.02
ORD-10283,CUST-1091,2024-12-08,62.55
ORD-10284,CUST-1091,2025-01-22,68.9
ORD-10285,CUST-1091,2025-01-31,148.96
ORD-10286,CUST-1091,2025-02-18,21.52
ORD-10287,CUST-1091,2025-06-01,215.02
ORD-10288,CUST-1091,2025-09-03,120.28
ORD-10289,CUST-1092,2024-04-13,96.04
ORD-10290,CUST-1092,2024-05-18,17.99
ORD-10291,CUST-1093,2024-08-24,125.67
ORD-10292,CUST-1093,2024-09-17,86.16
ORD-10293,CUST-1093,2024-10-29,32.69
ORD-10294,CUST-1094,2024-12-18,146.04
ORD-10295,CUST-1094,2024-12-24,126.1
ORD-10296,CUST-1094,2025-01-04,39.03
ORD-10297,CUST-1094,2025-03-11,23.89
ORD-10298,CUST-1094,2025-05-31,128.5
ORD-10299,CUST-1094,2025-07-06,12.92
ORD-10300,CUST-1094,2025-07-26,74.87
ORD-10301,CUST-1094,2026-01-25,77.45
ORD-10302,CUST-1094,2026-02-12,77.83
ORD-10303,CUST-1095,2024-09-10,187.26
ORD-10304,CUST-1095,2024-09-19,192.44
ORD-10305,CUST-1095,2024-11-15,17.07
ORD-10306,CUST-1095,2024-12-06,92.55
ORD-10307,CUST-1096,2024-12-14,248.46
ORD-10308,CUST-1096,2025-05-24,102.52
ORD-10309,CUST-1097,2024-05-09,56.09
ORD-10310,CUST-1098,2024-11-13,89.4
ORD-10311,CUST-1098,2024-11-29,18.09
ORD-10312,CUST-1098,2025-01-24,81.58
ORD-10313,CUST-1098,2025-02-12,208.36
ORD-10314,CUST-1098,2025-02-24,49.3
ORD-10315,CUST-1099,2024-03-26,14.56
ORD-10316,CUST-1099,2024-05-17,42.38
ORD-10317,CUST-1099,2024-08-19,54.16
ORD-10318,CUST-1099,2025-01-26,25.84
ORD-10319,CUST-1099,2025-05-02,109.92
ORD-10320,CUST-1099,2025-07-12,133.59
ORD-10321,CUST-1100,2025-01-03,74.82
ORD-10322,CUST-1101,2024-10-01,49.07
ORD-10323,CUST-1102,2024-11-15,36.65
ORD-10324,CUST-1102,2024-12-17,13.26
ORD-10325,CUST-1103,2024-04-26,89.68
ORD-10326,CUST-1104,2024-04-06,293.12
ORD-10327,CUST-1104,2024-04-17,57.41
ORD-10328,CUST-1105,2024-05-10,59.9
ORD-10329,CUST-1106,2024-02-01,45.37
ORD-10330,CUST-1107,2024-09-11,92.18
ORD-10331,CUST-1107,2024-09-17,191.39
ORD-10332,CUST-1107,2024-09-24,63.16
ORD-10333,CUST-1107,2024-11-23,145.6
ORD-10334,CUST-1108,2024-11-22,51.63
ORD-10335,CUST-1108,2025-01-12,61.08
ORD-10336,CUST-1108,2025-03-17,18.04
ORD-10337,CUST-1108,2025-03-24,30.95
ORD-10338,CUST-1109,2024-11-11,82.38
ORD-10339,CUST-1109,2024-12-17,65.18
ORD-10340,CUST-1109,2025-02-17,29.36
ORD-10341,CUST-1110,2024-01-13,31.87
ORD-10342,CUST-1110,2024-02-14,144.26
ORD-10343,CUST-1110,2024-04-17,100.74
ORD-10344,CUST-1111,2024-01-17,143.65
ORD-10345,CUST-1112,2024-03-25,75.9
ORD-10346,CUST-1112,2024-05-13,98.36
ORD-10347,CUST-1112,2024-05-24,94.28
ORD-10348,CUST-1112,2024-09-13,25.37
ORD-10349,CUST-1112,2024-09-30,243.52
ORD-10350,CUST-1112,2024-10-13,137.74
ORD-10351,CUST-1112,2024-11-17,30.96
ORD-10352,CUST-1113,2024-06-05,239.17
ORD-10353,CUST-1113,2024-06-23,82.0
ORD-10354,CUST-1113,2024-07-15,109.02
ORD-10355,CUST-1114,2024-03-08,60.18
ORD-10356,CUST-1114,2024-03-31,127.25
ORD-10357,CUST-1115,2024-03-08,14.93
ORD-10358,CUST-1115,2024-05-11,83.35
ORD-10359,CUST-1116,2024-04-17,16.32
ORD-10360,CUST-1116,2024-05-26,191.79
ORD-10361,CUST-1116,2024-06-01,20.97
ORD-10362,CUST-1116,2024-07-03,189.05
ORD-10363,CUST-1117,2025-01-29,230.63
ORD-10364,CUST-1118,2024-01-12,36.42
ORD-10365,CUST-1118,2024-03-11,27.16
ORD-10366,CUST-1118,2024-05-05,240.24
ORD-10367,CUST-1118,2024-05-14,85.08
ORD-10368,CUST-1118,2024-06-14,144.19
ORD-10369,CUST-1118,2024-06-27,89.18
ORD-10370,CUST-1119,2025-01-07,88.53
ORD-10371,CUST-1119,2025-03-03,28.29
ORD-10372,CUST-1119,2025-04-25,45.04
ORD-10373,CUST-1119,2025-06-16,19.83
ORD-10374,CUST-1119,2025-08-08,496.21
ORD-10375,CUST-1120,2024-09-24,119.71
ORD-10376,CUST-1120,2024-12-02,116.41
ORD-10377,CUST-1120,2025-01-01,123.18
ORD-10378,CUST-1120,2025-01-11,63.61
ORD-10379,CUST-1120,2025-01-16,38.01
ORD-10380,CUST-1120,2025-02-10,45.29
ORD-10381,CUST-1120,2025-04-09,44.48
ORD-10382,CUST-1121,2024-01-30,72.62
ORD-10383,CUST-1122,2024-05-16,43.59
ORD-10384,CUST-1122,2024-06-12,68.91
ORD-10385,CUST-1122,2024-07-21,73.36
ORD-10386,CUST-1122,2024-09-29,121.48
ORD-10387,CUST-1122,2024-11-29,214.83
ORD-10388,CUST-1123,2024-09-15,160.9
ORD-10389,CUST-1124,2024-07-13,31.79
ORD-10390,CUST-1124,2024-08-02,36.36
ORD-10391,CUST-1124,2024-10-19,62.86
ORD-10392,CUST-1125,2024-03-13,86.79
ORD-10393,CUST-1125,2024-03-27,60.91
ORD-10394,CUST-1125,2024-05-26,19.85
ORD-10395,CUST-1126,2024-01-18,77.68
ORD-10396,CUST-1126,2024-06-07,72.32
ORD-10397,CUST-1126,2024-08-27,152.64
ORD-10398,CUST-1127,2024-12-01,162.18
ORD-10399,CUST-1128,2024-11-25,48.33
ORD-10400,CUST-1129,2024-08-22,24.46
ORD-10401,CUST-1130,2024-09-13,73.22
ORD-10402,CUST-1130,2024-10-23,29.65
ORD-10403,CUST-1131,2024-10-14,89.14
ORD-10404,CUST-1131,2025-05-20,21.43
ORD-10405,CUST-1131,2025-05-29,96.26
ORD-10406,CUST-1131,2025-07-11,33.33
ORD-10407,CUST-1131,2025-07-19,18.32
ORD-10408,CUST-1132,2024-03-31,41.0
ORD-10409,CUST-1133,2024-08-04,150.36
ORD-10410,CUST-1133,2024-09-25,61.99
ORD-10411,CUST-1134,2024-10-19,53.18
ORD-10412,CUST-1134,2024-10-26,66.2
ORD-10413,CUST-1134,2025-03-22,25.03
ORD-10414,CUST-1135,2024-06-29,104.23
ORD-10415,CUST-1136,2025-01-31,182.63
ORD-10416,CUST-1136,2025-03-11,132.45
ORD-10417,CUST-1136,2025-04-18,76.01
ORD-10418,CUST-1136,2025-04-27,103.99
ORD-10419,CUST-1137,2024-04-15,41.52
ORD-10420,CUST-1137,2024-04-24,192.16
ORD-10421,CUST-1137,2024-06-04,36.2
ORD-10422,CUST-1138,2024-11-22,43.64
ORD-10423,CUST-1138,2025-03-01,144.15
ORD-10424,CUST-1138,2025-05-18,113.95
ORD-10425,CUST-1138,2025-06-08,17.98
ORD-10426,CUST-1138,2025-07-06,24.89
ORD-10427,CUST-1138,2025-09-02,40.11
ORD-10428,CUST-1138,2026-02-21,79.08
ORD-10429,CUST-1138,2026-05-14,21.74
ORD-10430,CUST-1139,2024-02-28,42.28
ORD-10431,CUST-1139,2024-03-07,14.2
ORD-10432,CUST-1139,2024-03-18,227.0
ORD-10433,CUST-1139,2024-04-27,231.95
ORD-10434,CUST-1139,2024-05-27,36.79
ORD-10435,CUST-1140,2024-09-04,80.78
ORD-10436,CUST-1140,2024-09-16,16.62
ORD-10437,CUST-1141,2024-10-05,279.99
ORD-10438,CUST-1141,2024-10-22,22.47
ORD-10439,CUST-1142,2024-10-03,16.68
ORD-10440,CUST-1143,2024-12-20,51.33
ORD-10441,CUST-1143,2025-01-03,42.3
ORD-10442,CUST-1143,2025-02-01,126.74
ORD-10443,CUST-1143,2025-04-06,107.83
ORD-10444,CUST-1143,2025-04-11,47.48
ORD-10445,CUST-1143,2025-05-15,13.76
ORD-10446,CUST-1144,2024-01-05,30.44
ORD-10447,CUST-1144,2024-06-25,117.61
ORD-10448,CUST-1145,2024-07-14,23.07
ORD-10449,CUST-1145,2024-08-05,99.4
ORD-10450,CUST-1145,2024-09-08,43.14
ORD-10451,CUST-1145,2024-10-05,52.49
ORD-10452,CUST-1146,2024-12-02,15.05
ORD-10453,CUST-1146,2025-03-21,52.73
ORD-10454,CUST-1146,2025-05-10,82.5
ORD-10455,CUST-1146,2025-08-24,78.31
ORD-10456,CUST-1146,2025-10-10,16.98
ORD-10457,CUST-1147,2024-01-17,18.26
ORD-10458,CUST-1147,2024-03-18,17.36
ORD-10459,CUST-1148,2024-04-28,40.47
ORD-10460,CUST-1148,2024-07-09,82.89
ORD-10461,CUST-1149,2024-09-21,106.46
ORD-10462,CUST-1150,2025-01-22,35.26
ORD-10463,CUST-1151,2024-09-03,109.35
ORD-10464,CUST-1151,2024-10-24,61.62
ORD-10465,CUST-1152,2024-05-15,183.6
ORD-10466,CUST-1152,2024-05-31,42.76
ORD-10467,CUST-1152,2024-06-30,50.12
ORD-10468,CUST-1152,2024-08-16,198.79
ORD-10469,CUST-1152,2024-09-02,20.92
ORD-10470,CUST-1152,2024-09-16,154.18
ORD-10471,CUST-1152,2024-11-06,34.39
ORD-10472,CUST-1152,2025-01-26,140.94
ORD-10473,CUST-1153,2024-08-06,284.07
ORD-10474,CUST-1153,2024-12-13,15.37
ORD-10475,CUST-1153,2024-12-26,21.68
ORD-10476,CUST-1153,2025-02-27,123.17
ORD-10477,CUST-1153,2025-03-14,58.32
ORD-10478,CUST-1153,2025-06-09,98.28
ORD-10479,CUST-1153,2025-07-19,70.51
ORD-10480,CUST-1154,2024-09-11,105.57
ORD-10481,CUST-1154,2024-09-23,52.74
ORD-10482,CUST-1155,2024-06-09,117.14
ORD-10483,CUST-1155,2024-06-24,65.14
ORD-10484,CUST-1156,2024-10-31,14.84
ORD-10485,CUST-1156,2025-01-05,27.21
ORD-10486,CUST-1156,2025-06-01,42.32
ORD-10487,CUST-1156,2025-06-23,22.98
ORD-10488,CUST-1157,2024-10-05,12.71
ORD-10489,CUST-1157,2024-11-22,41.05
ORD-10490,CUST-1157,2025-02-06,18.84
ORD-10491,CUST-1157,2025-03-22,55.13
ORD-10492,CUST-1157,2025-05-12,16.86
ORD-10493,CUST-1157,2025-06-25,66.08
ORD-10494,CUST-1157,2025-08-06,72.63
ORD-10495,CUST-1158,2024-01-24,38.94
ORD-10496,CUST-1158,2024-04-07,92.44
ORD-10497,CUST-1158,2024-06-20,59.84
ORD-10498,CUST-1159,2024-06-22,18.53
ORD-10499,CUST-1160,2024-06-12,131.54
ORD-10500,CUST-1160,2024-07-08,67.64
ORD-10501,CUST-1160,2024-08-21,25.76
ORD-10502,CUST-1160,2024-09-15,38.97
ORD-10503,CUST-1160,2024-09-21,14.09
ORD-10504,CUST-1160,2024-12-15,33.23
ORD-10505,CUST-1160,2025-01-21,35.57
ORD-10506,CUST-1161,2024-03-15,117.98
ORD-10507,CUST-1161,2024-04-16,55.38
ORD-10508,CUST-1162,2024-06-23,97.49
ORD-10509,CUST-1163,2024-10-27,82.04
ORD-10510,CUST-1164,2024-04-22,32.22
ORD-10511,CUST-1165,2024-01-27,55.96
ORD-10512,CUST-1165,2024-02-02,16.71
ORD-10513,CUST-1165,2024-05-23,22.25
ORD-10514,CUST-1165,2024-07-01,46.92
ORD-10515,CUST-1166,2025-01-20,65.89
ORD-10516,CUST-1167,2024-10-19,271.14
ORD-10517,CUST-1168,2024-02-15,23.16
ORD-10518,CUST-1168,2024-03-02,31.28
ORD-10519,CUST-1168,2024-05-31,66.04
ORD-10520,CUST-1168,2024-07-08,20.42
ORD-10521,CUST-1168,2024-10-09,95.9
ORD-10522,CUST-1169,2024-03-07,201.86
ORD-10523,CUST-1169,2024-06-05,84.37
ORD-10524,CUST-1169,2024-07-07,46.99
ORD-10525,CUST-1170,2024-01-21,112.8
ORD-10526,CUST-1170,2024-02-05,31.95
ORD-10527,CUST-1170,2024-02-18,38.55
ORD-10528,CUST-1171,2025-01-28,108.6
ORD-10529,CUST-1171,2025-02-03,16.88
ORD-10530,CUST-1171,2025-03-08,168.46
ORD-10531,CUST-1171,2025-04-16,57.27
ORD-10532,CUST-1171,2025-04-26,82.01
ORD-10533,CUST-1172,2024-07-28,34.5
ORD-10534,CUST-1172,2024-10-11,68.52
ORD-10535,CUST-1173,2024-05-06,139.0
ORD-10536,CUST-1173,2024-08-25,33.57
ORD-10537,CUST-1173,2025-03-02,22.36
ORD-10538,CUST-1173,2025-03-17,25.74
ORD-10539,CUST-1173,2025-06-30,81.54
ORD-10540,CUST-1174,2024-06-16,281.74
ORD-10541,CUST-1174,2024-08-09,77.95
ORD-10542,CUST-1174,2024-08-22,151.37
ORD-10543,CUST-1174,2024-09-21,24.01
ORD-10544,CUST-1174,2024-09-26,65.83
ORD-10545,CUST-1175,2024-12-09,123.62
ORD-10546,CUST-1175,2025-01-18,93.02
ORD-10547,CUST-1175,2025-02-08,53.91
ORD-10548,CUST-1176,2024-10-11,126.16
ORD-10549,CUST-1176,2024-10-20,30.33
ORD-10550,CUST-1176,2024-10-31,40.3
ORD-10551,CUST-1176,2024-12-01,102.3
ORD-10552,CUST-1177,2024-09-27,38.06
ORD-10553,CUST-1177,2024-11-23,17.19
ORD-10554,CUST-1177,2024-12-06,138.35
ORD-10555,CUST-1177,2024-12-22,130.43
ORD-10556,CUST-1177,2025-01-10,79.43
ORD-10557,CUST-1178,2024-05-01,81.33
ORD-10558,CUST-1178,2024-09-08,145.72
ORD-10559,CUST-1179,2024-06-27,52.6
ORD-10560,CUST-1179,2024-09-29,63.92
ORD-10561,CUST-1179,2024-10-25,257.14
ORD-10562,CUST-1179,2024-11-04,48.19
ORD-10563,CUST-1179,2024-11-10,100.04
ORD-10564,CUST-1180,2024-12-30,103.65
ORD-10565,CUST-1181,2024-11-27,33.99
ORD-10566,CUST-1181,2025-03-04,20.26
ORD-10567,CUST-1182,2024-07-06,35.8
ORD-10568,CUST-1182,2024-08-21,35.43
ORD-10569,CUST-1183,2024-12-22,25.82
ORD-10570,CUST-1183,2024-12-30,30.3
ORD-10571,CUST-1183,2025-03-16,14.79
ORD-10572,CUST-1183,2025-04-29,362.84
ORD-10573,CUST-1184,2024-02-07,168.75
ORD-10574,CUST-1184,2024-04-01,127.41
ORD-10575,CUST-1184,2024-07-10,67.63
ORD-10576,CUST-1185,2024-09-09,70.72
ORD-10577,CUST-1185,2024-11-07,30.12
ORD-10578,CUST-1185,2024-12-14,19.65
ORD-10579,CUST-1185,2025-01-09,55.97
ORD-10580,CUST-1185,2025-03-02,207.92
ORD-10581,CUST-1185,2025-04-17,100.96
ORD-10582,CUST-1186,2024-05-24,54.07
ORD-10583,CUST-1187,2025-01-23,38.66
ORD-10584,CUST-1188,2024-03-23,59.75
ORD-10585,CUST-1189,2024-01-15,19.93
ORD-10586,CUST-1190,2024-09-03,20.36
ORD-10587,CUST-1190,2024-09-27,58.53
ORD-10588,CUST-1190,2025-01-03,56.72
ORD-10589,CUST-1190,2025-03-03,333.34
ORD-10590,CUST-1190,2025-03-14,33.38
ORD-10591,CUST-1191,2024-09-11,15.91
ORD-10592,CUST-1191,2024-09-29,16.49
ORD-10593,CUST-1191,2024-11-14,87.92
ORD-10594,CUST-1191,2024-11-24,43.98
ORD-10595,CUST-1191,2024-12-26,42.43
ORD-10596,CUST-1191,2025-01-05,47.79
ORD-10597,CUST-1191,2025-03-13,17.29
ORD-10598,CUST-1191,2025-03-21,40.98
ORD-10599,CUST-1192,2024-09-11,171.43
ORD-10600,CUST-1192,2024-10-28,146.99
ORD-10601,CUST-1192,2024-12-29,20.85
ORD-10602,CUST-1193,2024-01-05,48.14
ORD-10603,CUST-1194,2024-08-11,39.82
ORD-10604,CUST-1194,2024-10-13,81.17
ORD-10605,CUST-1195,2024-11-15,124.84
ORD-10606,CUST-1195,2025-02-15,173.99
ORD-10607,CUST-1195,2025-03-17,37.46
ORD-10608,CUST-1195,2025-04-30,42.65
ORD-10609,CUST-1195,2025-06-15,91.98
ORD-10610,CUST-1196,2024-06-21,22.5
ORD-10611,CUST-1197,2024-01-11,79.97
ORD-10612,CUST-1198,2024-06-12,36.73
ORD-10613,CUST-1199,2024-07-13,14.31
ORD-10614,CUST-1199,2024-08-18,228.61
ORD-10615,CUST-1199,2024-09-13,15.09
ORD-10616,CUST-1199,2024-09-19,44.42
ORD-10617,CUST-1199,2024-10-01,14.04
ORD-10618,CUST-1200,2024-12-21,72.54
ORD-10619,CUST-1200,2025-03-14,281.34
ORD-10620,CUST-1200,2025-04-03,223.6
ORD-10621,CUST-1200,2025-04-30,44.15
ORD-10622,CUST-1201,2024-04-30,32.01
ORD-10623,CUST-1201,2024-05-14,16.36
ORD-10624,CUST-1201,2024-06-06,32.98
ORD-10625,CUST-1201,2024-11-10,65.53
ORD-10626,CUST-1201,2024-12-04,68.96
ORD-10627,CUST-1202,2024-06-07,15.12
ORD-10628,CUST-1202,2024-07-11,63.4
ORD-10629,CUST-1202,2024-07-27,228.63
ORD-10630,CUST-1202,2024-11-17,95.74
ORD-10631,CUST-1202,2024-12-26,145.1
ORD-10632,CUST-1202,2025-01-06,114.1
ORD-10633,CUST-1202,2025-01-16,115.26
ORD-10634,CUST-1202,2025-02-04,148.76
ORD-10635,CUST-1203,2024-12-11,70.25
ORD-10636,CUST-1203,2025-01-06,34.38
ORD-10637,CUST-1204,2024-11-01,67.89
ORD-10638,CUST-1204,2025-03-26,27.04
ORD-10639,CUST-1204,2025-04-05,137.55
ORD-10640,CUST-1204,2025-05-06,134.51
ORD-10641,CUST-1204,2025-08-19,16.69
ORD-10642,CUST-1204,2025-11-28,51.16
ORD-10643,CUST-1204,2026-01-04,76.53
ORD-10644,CUST-1205,2024-10-16,89.16
ORD-10645,CUST-1206,2024-11-17,33.74
ORD-10646,CUST-1207,2025-02-03,85.92
ORD-10647,CUST-1208,2024-10-22,129.28
ORD-10648,CUST-1209,2024-12-04,74.31
ORD-10649,CUST-1209,2024-12-13,55.97
ORD-10650,CUST-1209,2024-12-21,46.53
ORD-10651,CUST-1210,2024-02-14,119.85
ORD-10652,CUST-1211,2024-01-31,57.64
ORD-10653,CUST-1211,2024-04-16,92.31
ORD-10654,CUST-1212,2024-04-02,33.94
ORD-10655,CUST-1213,2024-09-13,263.55
ORD-10656,CUST-1213,2024-10-29,41.29
ORD-10657,CUST-1213,2024-12-19,21.03
ORD-10658,CUST-1213,2025-04-01,57.96
ORD-10659,CUST-1214,2024-10-12,124.88
ORD-10660,CUST-1214,2024-12-29,64.77
ORD-10661,CUST-1214,2025-02-05,22.52
ORD-10662,CUST-1215,2024-02-23,77.05
ORD-10663,CUST-1216,2024-07-23,15.62
ORD-10664,CUST-1217,2024-04-08,100.29
ORD-10665,CUST-1217,2024-04-30,19.49
ORD-10666,CUST-1218,2024-11-11,157.09
ORD-10667,CUST-1219,2024-06-04,77.6
ORD-10668,CUST-1219,2024-08-02,12.78
ORD-10669,CUST-1219,2024-08-15,93.65
ORD-10670,CUST-1219,2024-10-08,232.38
ORD-10671,CUST-1220,2024-09-14,15.71
ORD-10672,CUST-1220,2024-10-09,216.72
ORD-10673,CUST-1220,2024-11-14,49.35
ORD-10674,CUST-1221,2024-01-21,107.35
ORD-10675,CUST-1222,2024-09-28,73.33
ORD-10676,CUST-1222,2024-10-18,22.05
ORD-10677,CUST-1222,2024-12-09,99.71
ORD-10678,CUST-1222,2024-12-31,79.79
ORD-10679,CUST-1222,2025-01-27,93.68
ORD-10680,CUST-1223,2024-02-14,59.65
ORD-10681,CUST-1223,2024-03-04,129.81
ORD-10682,CUST-1224,2024-01-08,21.13
ORD-10683,CUST-1225,2024-07-04,227.68
ORD-10684,CUST-1225,2024-08-10,86.07
ORD-10685,CUST-1225,2024-08-31,109.17
ORD-10686,CUST-1226,2024-11-04,119.48
ORD-10687,CUST-1226,2024-11-14,32.56
ORD-10688,CUST-1227,2024-05-28,12.59
ORD-10689,CUST-1227,2024-06-18,80.08
ORD-10690,CUST-1228,2024-11-08,52.31
ORD-10691,CUST-1228,2024-12-05,35.96
ORD-10692,CUST-1229,2024-07-12,101.95
ORD-10693,CUST-1230,2024-05-26,29.1
ORD-10694,CUST-1230,2024-06-09,22.36
ORD-10695,CUST-1230,2024-07-27,111.31
ORD-10696,CUST-1230,2024-09-08,22.83
ORD-10697,CUST-1230,2024-11-26,78.18
ORD-10698,CUST-1230,2024-12-23,85.38
ORD-10699,CUST-1231,2024-07-06,156.06
ORD-10700,CUST-1232,2024-01-04,77.29
ORD-10701,CUST-1233,2024-07-19,86.49
ORD-10702,CUST-1233,2024-07-27,33.38
ORD-10703,CUST-1234,2024-03-07,50.83
ORD-10704,CUST-1234,2024-03-22,15.83
ORD-10705,CUST-1235,2024-04-13,49.84
ORD-10706,CUST-1235,2024-05-28,17.43
ORD-10707,CUST-1235,2024-07-15,270.73
ORD-10708,CUST-1235,2024-07-29,114.75
ORD-10709,CUST-1235,2024-11-18,199.51
ORD-10710,CUST-1235,2025-04-17,60.41
ORD-10711,CUST-1235,2025-10-09,104.54
ORD-10712,CUST-1235,2025-10-21,54.62
ORD-10713,CUST-1235,2025-12-22,30.97
ORD-10714,CUST-1236,2024-01-04,41.21
ORD-10715,CUST-1236,2024-05-05,29.38
ORD-10716,CUST-1236,2024-06-24,28.82
ORD-10717,CUST-1236,2024-07-16,134.97
ORD-10718,CUST-1237,2024-07-11,83.09
ORD-10719,CUST-1238,2025-02-01,15.49
ORD-10720,CUST-1239,2025-01-02,208.44
ORD-10721,CUST-1240,2024-08-13,41.36
ORD-10722,CUST-1241,2025-01-02,19.48
ORD-10723,CUST-1242,2024-01-15,25.02
ORD-10724,CUST-1243,2024-08-20,59.76
ORD-10725,CUST-1243,2024-10-27,34.08
ORD-10726,CUST-1244,2024-08-24,25.89
ORD-10727,CUST-1244,2024-09-16,138.03
ORD-10728,CUST-1244,2024-10-01,17.3
ORD-10729,CUST-1244,2024-10-09,196.23
ORD-10730,CUST-1244,2024-11-14,46.73
ORD-10731,CUST-1244,2025-02-01,129.94
ORD-10732,CUST-1245,2024-06-19,14.99
ORD-10733,CUST-1245,2024-06-30,106.78
ORD-10734,CUST-1245,2024-07-05,47.52
ORD-10735,CUST-1245,2024-08-12,16.15
ORD-10736,CUST-1245,2025-01-26,29.16
ORD-10737,CUST-1246,2024-01-01,97.45
ORD-10738,CUST-1247,2024-05-01,38.08
ORD-10739,CUST-1247,2024-07-01,122.81
ORD-10740,CUST-1247,2024-07-15,42.63
ORD-10741,CUST-1248,2024-08-05,92.81
ORD-10742,CUST-1248,2024-08-18,111.11
ORD-10743,CUST-1248,2024-10-01,210.18
ORD-10744,CUST-1248,2024-10-07,32.54
ORD-10745,CUST-1248,2024-11-22,35.37
ORD-10746,CUST-1249,2025-01-08,126.73
ORD-10747,CUST-1249,2025-03-07,93.94
ORD-10748,CUST-1249,2025-04-08,177.49
ORD-10749,CUST-1250,2024-05-14,262.16
ORD-10750,CUST-1250,2024-08-14,91.01
ORD-10751,CUST-1250,2024-10-16,66.17
ORD-10752,CUST-1250,2025-03-02,57.07
ORD-10753,CUST-1251,2024-01-11,131.21
ORD-10754,CUST-1251,2024-01-16,91.56
ORD-10755,CUST-1252,2024-07-20,94.88
ORD-10756,CUST-1252,2024-10-22,25.34
ORD-10757,CUST-1252,2025-01-07,64.8
ORD-10758,CUST-1252,2025-02-03,21.68
ORD-10759,CUST-1252,2025-05-09,23.62
ORD-10760,CUST-1253,2024-09-06,67.62
ORD-10761,CUST-1253,2024-11-30,166.25
ORD-10762,CUST-1253,2024-12-05,85.36
ORD-10763,CUST-1254,2024-10-20,46.2
ORD-10764,CUST-1254,2024-10-28,112.04
ORD-10765,CUST-1254,2024-11-17,49.35
ORD-10766,CUST-1254,2025-01-13,38.77
ORD-10767,CUST-1255,2024-03-20,47.72
ORD-10768,CUST-1255,2024-05-26,19.45
ORD-10769,CUST-1255,2024-06-14,33.52
ORD-10770,CUST-1256,2025-01-23,20.32
ORD-10771,CUST-1256,2025-02-20,99.53
ORD-10772,CUST-1257,2024-07-12,32.83
ORD-10773,CUST-1257,2024-08-01,82.01
ORD-10774,CUST-1257,2025-01-08,72.65
ORD-10775,CUST-1258,2024-02-06,71.9
ORD-10776,CUST-1259,2025-01-21,31.28
ORD-10777,CUST-1260,2024-03-02,200.72
ORD-10778,CUST-1260,2024-05-06,151.96
ORD-10779,CUST-1260,2024-05-21,70.07
ORD-10780,CUST-1260,2024-07-19,86.59
ORD-10781,CUST-1260,2024-08-16,13.51
ORD-10782,CUST-1260,2024-09-29,31.47
ORD-10783,CUST-1261,2024-01-04,49.45
ORD-10784,CUST-1261,2024-01-13,102.19
ORD-10785,CUST-1261,2024-05-07,49.5
ORD-10786,CUST-1261,2024-05-25,49.54
ORD-10787,CUST-1261,2024-07-26,13.09
ORD-10788,CUST-1262,2024-03-20,148.96
ORD-10789,CUST-1262,2024-05-24,13.4
ORD-10790,CUST-1262,2024-06-10,28.19
ORD-10791,CUST-1263,2024-07-02,98.27
ORD-10792,CUST-1264,2024-09-03,100.78
ORD-10793,CUST-1264,2024-11-07,60.4
ORD-10794,CUST-1264,2024-11-15,42.65
ORD-10795,CUST-1264,2025-03-14,69.58
ORD-10796,CUST-1264,2025-04-22,32.85
ORD-10797,CUST-1264,2025-05-17,159.21
ORD-10798,CUST-1264,2025-07-10,113.14
ORD-10799,CUST-1265,2024-11-25,34.98
ORD-10800,CUST-1265,2024-12-26,13.94
ORD-10801,CUST-1265,2025-01-16,57.9
ORD-10802,CUST-1265,2025-01-23,56.41
ORD-10803,CUST-1265,2025-05-25,19.74
ORD-10804,CUST-1265,2025-08-03,46.76
ORD-10805,CUST-1266,2024-03-05,17.25
ORD-10806,CUST-1267,2024-05-03,31.2
ORD-10807,CUST-1267,2024-06-09,62.35
ORD-10808,CUST-1267,2024-07-03,40.88
ORD-10809,CUST-1267,2024-09-25,113.72
ORD-10810,CUST-1268,2024-06-06,64.89
ORD-10811,CUST-1268,2024-07-12,26.51
ORD-10812,CUST-1268,2024-10-13,85.94
ORD-10813,CUST-1268,2025-01-07,139.73
ORD-10814,CUST-1268,2025-03-15,50.1
ORD-10815,CUST-1268,2025-05-01,23.86
ORD-10816,CUST-1269,2024-02-17,24.24
ORD-10817,CUST-1270,2024-01-08,24.28
ORD-10818,CUST-1270,2024-04-21,30.47
ORD-10819,CUST-1270,2024-05-15,19.74
ORD-10820,CUST-1271,2024-06-05,29.84
ORD-10821,CUST-1271,2024-06-21,221.5
ORD-10822,CUST-1272,2024-07-19,47.01
ORD-10823,CUST-1272,2024-10-23,77.38
ORD-10824,CUST-1272,2024-12-01,20.47
ORD-10825,CUST-1272,2025-01-16,20.6
ORD-10826,CUST-1272,2025-02-08,22.52
ORD-10827,CUST-1273,2024-03-22,58.58
ORD-10828,CUST-1274,2024-07-08,65.96
ORD-10829,CUST-1275,2024-10-16,62.36
ORD-10830,CUST-1276,2024-12-07,151.72
ORD-10831,CUST-1276,2025-01-09,17.62
ORD-10832,CUST-1276,2025-02-05,118.27
ORD-10833,CUST-1276,2025-05-25,27.29
ORD-10834,CUST-1276,2025-06-02,148.9
ORD-10835,CUST-1277,2024-05-30,118.37
ORD-10836,CUST-1277,2024-06-29,394.17
ORD-10837,CUST-1277,2024-08-09,37.68
ORD-10838,CUST-1278,2024-05-27,53.06
ORD-10839,CUST-1279,2024-03-28,82.95
ORD-10840,CUST-1280,2024-01-27,107.05
ORD-10841,CUST-1280,2024-03-11,111.5
ORD-10842,CUST-1281,2024-03-18,156.22
ORD-10843,CUST-1281,2024-05-24,167.75
ORD-10844,CUST-1281,2024-07-31,71.6
ORD-10845,CUST-1281,2024-09-21,155.46
ORD-10846,CUST-1281,2024-11-03,77.55
ORD-10847,CUST-1282,2024-04-06,28.23
ORD-10848,CUST-1282,2024-05-05,167.47
ORD-10849,CUST-1282,2024-06-10,26.03
ORD-10850,CUST-1283,2025-01-10,78.26
ORD-10851,CUST-1283,2025-02-01,32.91
ORD-10852,CUST-1283,2025-02-15,89.61
ORD-10853,CUST-1283,2025-03-03,71.3
ORD-10854,CUST-1283,2025-03-21,83.0
ORD-10855,CUST-1283,2025-06-09,110.34
ORD-10856,CUST-1284,2024-10-06,42.36
ORD-10857,CUST-1285,2024-01-14,149.88
ORD-10858,CUST-1286,2024-12-25,154.87
ORD-10859,CUST-1286,2025-01-16,162.8
ORD-10860,CUST-1287,2024-02-07,454.87
ORD-10861,CUST-1287,2024-02-29,102.14
ORD-10862,CUST-1287,2024-05-17,139.39
ORD-10863,CUST-1288,2024-06-13,21.56
ORD-10864,CUST-1289,2024-09-18,29.66
ORD-10865,CUST-1289,2024-09-23,106.45
ORD-10866,CUST-1290,2024-09-06,142.39
ORD-10867,CUST-1290,2024-10-20,69.03
ORD-10868,CUST-1290,2025-05-23,104.38
ORD-10869,CUST-1291,2024-07-30,27.96
ORD-10870,CUST-1291,2025-04-05,270.52
ORD-10871,CUST-1291,2025-05-27,118.56
ORD-10872,CUST-1291,2025-07-27,70.96
ORD-10873,CUST-1291,2025-08-03,51.92
ORD-10874,CUST-1292,2024-09-16,33.43
ORD-10875,CUST-1292,2024-09-28,78.18
ORD-10876,CUST-1292,2024-11-13,25.35
ORD-10877,CUST-1292,2025-01-11,51.97
ORD-10878,CUST-1292,2025-03-06,130.56
ORD-10879,CUST-1293,2024-12-01,118.03
ORD-10880,CUST-1293,2025-04-30,62.4
ORD-10881,CUST-1294,2024-08-25,41.0
ORD-10882,CUST-1294,2024-09-01,14.6
ORD-10883,CUST-1294,2024-09-30,18.24
ORD-10884,CUST-1294,2024-11-16,150.85
ORD-10885,CUST-1295,2024-11-17,395.46
ORD-10886,CUST-1295,2024-11-23,160.48
ORD-10887,CUST-1295,2025-01-10,248.2
ORD-10888,CUST-1295,2025-02-12,134.69
ORD-10889,CUST-1295,2025-02-19,39.05
ORD-10890,CUST-1296,2024-03-25,29.44
ORD-10891,CUST-1296,2024-04-27,32.83
ORD-10892,CUST-1296,2024-05-06,24.42
ORD-10893,CUST-1296,2024-05-18,247.46
ORD-10894,CUST-1296,2024-07-26,235.75
ORD-10895,CUST-1297,2024-04-29,29.7
ORD-10896,CUST-1298,2024-09-26,16.7
ORD-10897,CUST-1299,2024-02-03,55.57
ORD-10898,CUST-1299,2024-02-24,66.37
ORD-10899,CUST-1299,2024-05-12,22.09
ORD-10900,CUST-1300,2024-02-02,52.5
ORD-10901,CUST-1300,2024-02-23,124.83
ORD-10902,CUST-1300,2024-03-01,47.75
ORD-10903,CUST-1301,2024-03-19,56.19
ORD-10904,CUST-1301,2024-05-23,56.6
ORD-10905,CUST-1301,2024-06-26,130.9
ORD-10906,CUST-1301,2024-07-21,140.2
ORD-10907,CUST-1301,2024-08-18,38.36
ORD-10908,CUST-1301,2024-09-19,105.93
ORD-10909,CUST-1301,2024-09-30,26.71
ORD-10910,CUST-1301,2025-02-18,25.04
ORD-10911,CUST-1301,2025-04-01,68.78
ORD-10912,CUST-1302,2024-08-16,25.82
ORD-10913,CUST-1302,2024-09-04,28.54
ORD-10914,CUST-1302,2024-09-18,126.06
ORD-10915,CUST-1302,2024-10-08,182.73
ORD-10916,CUST-1303,2024-02-04,65.39
ORD-10917,CUST-1303,2024-05-02,115.8
ORD-10918,CUST-1303,2024-05-15,85.11
ORD-10919,CUST-1304,2024-04-15,12.54
ORD-10920,CUST-1305,2024-02-07,55.78
ORD-10921,CUST-1305,2024-06-05,15.16
ORD-10922,CUST-1305,2024-06-25,27.62
ORD-10923,CUST-1305,2024-07-12,167.9
ORD-10924,CUST-1306,2025-02-03,107.87
ORD-10925,CUST-1306,2025-03-02,126.75
ORD-10926,CUST-1306,2025-03-15,14.51
ORD-10927,CUST-1306,2025-03-30,39.55
ORD-10928,CUST-1307,2024-01-14,64.57
ORD-10929,CUST-1307,2024-02-13,131.29
ORD-10930,CUST-1307,2024-02-25,14.14
ORD-10931,CUST-1308,2024-10-16,20.19
ORD-10932,CUST-1309,2024-05-31,117.59
ORD-10933,CUST-1310,2024-08-14,184.56
ORD-10934,CUST-1310,2024-09-10,16.95
ORD-10935,CUST-1310,2024-09-15,126.49
ORD-10936,CUST-1311,2025-01-19,84.14
ORD-10937,CUST-1311,2025-05-25,32.56
ORD-10938,CUST-1312,2025-01-20,13.17
ORD-10939,CUST-1312,2025-03-22,92.13
ORD-10940,CUST-1312,2025-05-09,312.55
ORD-10941,CUST-1312,2025-05-30,39.51
ORD-10942,CUST-1312,2025-06-07,50.51
ORD-10943,CUST-1312,2025-06-25,39.84
ORD-10944,CUST-1313,2024-02-06,24.05
ORD-10945,CUST-1313,2024-03-22,23.1
ORD-10946,CUST-1313,2024-08-28,50.97
ORD-10947,CUST-1314,2024-10-27,103.62
ORD-10948,CUST-1315,2024-03-25,83.3
ORD-10949,CUST-1315,2024-04-22,45.96
ORD-10950,CUST-1315,2024-08-02,159.35
ORD-10951,CUST-1316,2024-03-17,25.77
ORD-10952,CUST-1317,2024-07-16,35.68
ORD-10953,CUST-1317,2024-08-30,49.48
ORD-10954,CUST-1317,2024-09-12,20.56
ORD-10955,CUST-1317,2024-10-22,163.76
ORD-10956,CUST-1318,2024-11-26,117.43
ORD-10957,CUST-1318,2024-12-05,68.4
ORD-10958,CUST-1318,2025-01-07,20.71
ORD-10959,CUST-1318,2025-07-08,28.21
ORD-10960,CUST-1318,2025-07-16,71.23
ORD-10961,CUST-1318,2025-09-19,14.64
ORD-10962,CUST-1318,2025-11-11,61.89
ORD-10963,CUST-1318,2025-11-20,24.81
ORD-10964,CUST-1319,2025-01-22,49.18
ORD-10965,CUST-1319,2025-02-15,15.86
ORD-10966,CUST-1319,2025-02-22,89.05
ORD-10967,CUST-1320,2024-08-19,41.43
ORD-10968,CUST-1321,2024-03-24,18.25
ORD-10969,CUST-1321,2024-04-26,55.27
ORD-10970,CUST-1321,2024-07-22,28.75
ORD-10971,CUST-1321,2024-08-17,119.9
ORD-10972,CUST-1322,2025-01-08,20.71
ORD-10973,CUST-1323,2024-07-09,46.55
ORD-10974,CUST-1324,2024-02-16,74.17
ORD-10975,CUST-1324,2024-06-25,82.96
ORD-10976,CUST-1324,2024-07-03,40.97
ORD-10977,CUST-1324,2024-08-12,46.05
ORD-10978,CUST-1325,2024-05-21,47.15
ORD-10979,CUST-1325,2024-07-15,82.27
ORD-10980,CUST-1325,2024-07-23,45.19
ORD-10981,CUST-1326,2024-06-16,24.47
ORD-10982,CUST-1327,2024-12-20,189.48
ORD-10983,CUST-1327,2025-04-15,78.08
ORD-10984,CUST-1327,2025-06-03,46.05
ORD-10985,CUST-1327,2025-08-09,61.76
ORD-10986,CUST-1328,2024-05-31,172.78
ORD-10987,CUST-1328,2024-06-18,133.35
ORD-10988,CUST-1328,2024-07-22,59.41
ORD-10989,CUST-1328,2024-08-12,67.82
ORD-10990,CUST-1328,2024-09-03,15.1
ORD-10991,CUST-1328,2024-09-22,12.92
ORD-10992,CUST-1329,2024-04-16,314.03
ORD-10993,CUST-1329,2024-04-22,72.63
ORD-10994,CUST-1329,2024-06-14,88.22
ORD-10995,CUST-1329,2024-06-24,193.8
ORD-10996,CUST-1329,2024-07-07,75.87
ORD-10997,CUST-1329,2024-07-23,36.36
ORD-10998,CUST-1329,2024-09-01,47.59
ORD-10999,CUST-1330,2024-12-25,18.21
ORD-11000,CUST-1331,2024-09-21,72.46
ORD-11001,CUST-1332,2024-11-29,251.48
ORD-11002,CUST-1333,2024-01-21,15.11
ORD-11003,CUST-1333,2024-03-04,44.94
ORD-11004,CUST-1334,2024-11-10,36.28
ORD-11005,CUST-1335,2024-12-27,43.02
ORD-11006,CUST-1335,2025-02-05,15.87
ORD-11007,CUST-1335,2025-03-06,128.59
ORD-11008,CUST-1335,2025-05-23,29.01
ORD-11009,CUST-1335,2025-06-08,123.0
ORD-11010,CUST-1336,2024-12-14,18.17
ORD-11011,CUST-1337,2024-05-13,45.12
ORD-11012,CUST-1337,2024-06-20,23.94
ORD-11013,CUST-1338,2024-04-17,41.62
ORD-11014,CUST-1338,2024-05-15,86.5
ORD-11015,CUST-1339,2024-03-18,79.18
ORD-11016,CUST-1340,2024-09-25,126.19
ORD-11017,CUST-1340,2024-11-19,125.55
ORD-11018,CUST-1340,2024-12-16,23.55
ORD-11019,CUST-1340,2025-02-19,41.56
ORD-11020,CUST-1341,2025-02-01,23.54
ORD-11021,CUST-1342,2024-06-19,38.56
ORD-11022,CUST-1342,2024-07-31,136.06
ORD-11023,CUST-1342,2024-08-15,189.6
ORD-11024,CUST-1342,2024-10-11,125.15
ORD-11025,CUST-1342,2024-11-21,110.78
ORD-11026,CUST-1342,2024-11-26,123.38
ORD-11027,CUST-1342,2024-12-02,155.92
ORD-11028,CUST-1343,2024-11-02,31.46
ORD-11029,CUST-1344,2025-01-26,85.32
ORD-11030,CUST-1345,2024-09-30,68.17
ORD-11031,CUST-1345,2024-10-30,33.49
ORD-11032,CUST-1346,2024-09-07,101.85
ORD-11033,CUST-1347,2024-08-30,135.57
ORD-11034,CUST-1348,2024-02-02,31.95
ORD-11035,CUST-1348,2024-02-08,77.37
ORD-11036,CUST-1348,2024-03-09,64.14
ORD-11037,CUST-1348,2024-03-22,35.31
ORD-11038,CUST-1348,2024-05-15,230.97
ORD-11039,CUST-1349,2024-02-05,72.21
ORD-11040,CUST-1349,2024-02-28,174.49
ORD-11041,CUST-1349,2024-03-27,22.55
ORD-11042,CUST-1350,2024-12-26,114.62
ORD-11043,CUST-1351,2024-04-18,28.47
ORD-11044,CUST-1351,2024-06-10,77.78
ORD-11045,CUST-1352,2024-09-23,65.36
ORD-11046,CUST-1353,2024-11-28,175.38
ORD-11047,CUST-1354,2024-11-07,20.68
ORD-11048,CUST-1355,2024-08-04,136.31
ORD-11049,CUST-1355,2024-12-29,66.72
ORD-11050,CUST-1356,2024-08-30,44.49
ORD-11051,CUST-1357,2024-02-08,25.15
ORD-11052,CUST-1358,2024-09-26,87.01
ORD-11053,CUST-1358,2024-10-18,21.79
ORD-11054,CUST-1358,2024-12-07,21.43
ORD-11055,CUST-1358,2025-01-19,89.35
ORD-11056,CUST-1358,2025-03-19,103.52
ORD-11057,CUST-1358,2025-06-24,57.55
ORD-11058,CUST-1358,2025-08-26,75.25
ORD-11059,CUST-1359,2024-06-26,74.9
ORD-11060,CUST-1360,2025-01-20,19.93
ORD-11061,CUST-1361,2024-02-12,69.76
ORD-11062,CUST-1361,2024-03-23,29.81
ORD-11063,CUST-1362,2024-04-10,36.41
ORD-11064,CUST-1362,2024-05-27,160.84
ORD-11065,CUST-1363,2024-10-07,65.34
ORD-11066,CUST-1363,2024-10-31,169.99
ORD-11067,CUST-1363,2024-11-05,37.17
ORD-11068,CUST-1363,2024-11-12,107.05
ORD-11069,CUST-1364,2024-10-29,51.86
ORD-11070,CUST-1365,2025-01-22,43.35
ORD-11071,CUST-1365,2025-01-29,39.44
ORD-11072,CUST-1366,2024-05-21,45.78
ORD-11073,CUST-1366,2024-05-31,152.11
ORD-11074,CUST-1367,2024-09-16,16.62
ORD-11075,CUST-1368,2024-06-09,39.32
ORD-11076,CUST-1368,2024-06-20,44.82
ORD-11077,CUST-1368,2024-07-02,98.67
ORD-11078,CUST-1368,2024-07-17,16.42
ORD-11079,CUST-1368,2024-08-27,71.29
ORD-11080,CUST-1369,2024-08-14,167.6
ORD-11081,CUST-1369,2024-09-10,35.34
ORD-11082,CUST-1369,2024-09-21,23.17
ORD-11083,CUST-1370,2024-07-09,77.14
ORD-11084,CUST-1370,2024-10-01,111.95
ORD-11085,CUST-1370,2024-10-20,196.33
ORD-11086,CUST-1370,2024-10-30,147.73
ORD-11087,CUST-1370,2025-04-12,25.17
ORD-11088,CUST-1371,2024-08-20,191.11
ORD-11089,CUST-1372,2025-01-28,18.35
ORD-11090,CUST-1372,2025-04-18,33.88
ORD-11091,CUST-1373,2024-08-27,163.75
ORD-11092,CUST-1373,2024-09-22,28.35
ORD-11093,CUST-1374,2024-11-15,65.08
ORD-11094,CUST-1374,2025-02-06,77.38
ORD-11095,CUST-1374,2025-04-21,71.83
ORD-11096,CUST-1375,2024-01-24,72.77
ORD-11097,CUST-1375,2024-04-02,60.67
ORD-11098,CUST-1375,2024-04-18,83.88
ORD-11099,CUST-1375,2024-04-26,50.4
ORD-11100,CUST-1375,2024-05-09,25.75
ORD-11101,CUST-1376,2024-06-08,59.09
ORD-11102,CUST-1377,2024-07-21,16.66
ORD-11103,CUST-1378,2024-02-09,15.43
ORD-11104,CUST-1378,2024-02-23,63.15
ORD-11105,CUST-1378,2024-04-14,15.53
ORD-11106,CUST-1378,2024-08-28,132.5
ORD-11107,CUST-1379,2024-02-20,21.05
ORD-11108,CUST-1380,2025-01-30,87.45
ORD-11109,CUST-1381,2024-01-31,12.77
ORD-11110,CUST-1382,2024-05-14,25.17
ORD-11111,CUST-1382,2024-05-23,216.6
ORD-11112,CUST-1382,2024-07-08,97.28
ORD-11113,CUST-1383,2024-02-08,25.32
ORD-11114,CUST-1384,2024-04-22,40.49
ORD-11115,CUST-1384,2024-07-04,330.66
ORD-11116,CUST-1384,2024-07-21,147.3
ORD-11117,CUST-1385,2025-01-26,25.47
ORD-11118,CUST-1386,2024-08-19,128.68
ORD-11119,CUST-1387,2024-06-15,64.2
ORD-11120,CUST-1387,2024-07-13,60.16
ORD-11121,CUST-1388,2024-02-23,23.74
ORD-11122,CUST-1389,2024-05-23,71.06
ORD-11123,CUST-1389,2024-07-05,23.95
ORD-11124,CUST-1389,2024-08-07,64.91
ORD-11125,CUST-1389,2024-09-19,27.83
ORD-11126,CUST-1389,2024-11-24,14.16
ORD-11127,CUST-1389,2024-12-18,110.98
ORD-11128,CUST-1390,2024-10-21,73.72
ORD-11129,CUST-1390,2024-11-25,21.79
ORD-11130,CUST-1391,2024-07-17,34.36
ORD-11131,CUST-1391,2024-09-19,14.08
ORD-11132,CUST-1391,2024-11-02,196.99
ORD-11133,CUST-1392,2024-07-27,159.98
ORD-11134,CUST-1392,2024-08-10,13.98
ORD-11135,CUST-1392,2024-11-12,68.44
ORD-11136,CUST-1393,2024-03-20,30.93
ORD-11137,CUST-1393,2024-04-10,65.15
ORD-11138,CUST-1393,2024-05-24,48.64
ORD-11139,CUST-1393,2024-07-11,18.03
ORD-11140,CUST-1393,2024-07-20,24.75
ORD-11141,CUST-1393,2024-08-26,28.15
ORD-11142,CUST-1394,2024-09-16,84.34
ORD-11143,CUST-1395,2024-12-20,52.37
ORD-11144,CUST-1396,2024-04-02,160.49
ORD-11145,CUST-1396,2024-04-20,28.7
ORD-11146,CUST-1396,2024-05-01,139.89
ORD-11147,CUST-1396,2024-06-06,85.53
ORD-11148,CUST-1396,2024-06-23,104.73
ORD-11149,CUST-1396,2024-08-31,36.86
ORD-11150,CUST-1397,2024-11-08,106.87
ORD-11151,CUST-1397,2025-01-04,231.6
ORD-11152,CUST-1397,2025-01-31,21.61
ORD-11153,CUST-1398,2024-09-15,101.38
ORD-11154,CUST-1398,2024-10-01,46.28
ORD-11155,CUST-1398,2024-10-20,26.89
ORD-11156,CUST-1398,2025-01-01,168.48
ORD-11157,CUST-1399,2024-01-25,55.78
ORD-11158,CUST-1399,2024-02-04,31.07
ORD-11159,CUST-1399,2024-02-26,120.05
ORD-11160,CUST-1399,2024-06-03,35.91
ORD-11161,CUST-1399,2024-09-04,139.02
ORD-11162,CUST-1400,2024-07-19,79.95
ORD-11163,CUST-1400,2024-08-25,20.81
ORD-11164,CUST-1400,2024-09-15,117.9
ORD-11165,CUST-1401,2024-09-21,103.09
ORD-11166,CUST-1402,2024-04-10,146.65
ORD-11167,CUST-1402,2024-04-23,16.08
ORD-11168,CUST-1402,2024-06-23,54.44
ORD-11169,CUST-1402,2024-09-21,43.93
ORD-11170,CUST-1402,2024-10-04,130.19
ORD-11171,CUST-1403,2024-07-03,127.19
ORD-11172,CUST-1403,2024-09-25,92.82
ORD-11173,CUST-1404,2024-06-12,153.87
ORD-11174,CUST-1404,2024-06-19,224.07
ORD-11175,CUST-1404,2024-08-14,77.37
ORD-11176,CUST-1404,2024-09-02,31.09
ORD-11177,CUST-1404,2025-01-13,35.52
ORD-11178,CUST-1405,2024-01-05,63.58
ORD-11179,CUST-1406,2024-05-17,60.28
ORD-11180,CUST-1407,2024-01-30,83.23
ORD-11181,CUST-1407,2024-03-15,47.37
ORD-11182,CUST-1407,2024-04-13,112.43
ORD-11183,CUST-1407,2024-04-27,124.05
ORD-11184,CUST-1408,2024-08-26,367.22
ORD-11185,CUST-1408,2024-09-25,177.24
ORD-11186,CUST-1408,2024-10-19,16.16
ORD-11187,CUST-1408,2024-11-03,47.76
ORD-11188,CUST-1409,2024-02-18,17.05
ORD-11189,CUST-1409,2024-04-20,184.25
ORD-11190,CUST-1409,2024-05-20,20.75
ORD-11191,CUST-1410,2024-10-14,20.12
ORD-11192,CUST-1411,2024-03-16,15.08
ORD-11193,CUST-1412,2024-11-07,52.64
ORD-11194,CUST-1412,2025-06-02,55.41
ORD-11195,CUST-1412,2025-12-19,103.81
ORD-11196,CUST-1412,2026-01-05,62.75
ORD-11197,CUST-1412,2026-08-16,139.16
ORD-11198,CUST-1412,2026-08-25,92.15
ORD-11199,CUST-1413,2024-11-23,39.25
ORD-11200,CUST-1414,2024-04-06,29.79
ORD-11201,CUST-1415,2024-06-15,43.24
ORD-11202,CUST-1416,2025-01-16,16.54
ORD-11203,CUST-1416,2025-02-05,35.5
ORD-11204,CUST-1417,2024-09-10,21.09
ORD-11205,CUST-1418,2025-01-17,30.94
ORD-11206,CUST-1418,2025-04-20,24.52
ORD-11207,CUST-1418,2025-07-20,13.37
ORD-11208,CUST-1419,2024-05-30,44.98
ORD-11209,CUST-1419,2024-07-09,23.82
ORD-11210,CUST-1419,2024-09-04,24.42
ORD-11211,CUST-1419,2024-09-25,57.99
ORD-11212,CUST-1419,2024-12-10,99.93
ORD-11213,CUST-1419,2025-01-30,23.51
ORD-11214,CUST-1420,2024-01-16,33.31
ORD-11215,CUST-1421,2024-03-12,44.87
ORD-11216,CUST-1422,2025-01-27,43.74
ORD-11217,CUST-1423,2024-02-28,193.31
ORD-11218,CUST-1424,2024-05-05,78.13
ORD-11219,CUST-1424,2024-05-29,22.95
ORD-11220,CUST-1424,2024-07-13,121.96
ORD-11221,CUST-1425,2024-04-04,35.67
ORD-11222,CUST-1426,2024-03-13,20.06
ORD-11223,CUST-1426,2024-06-22,39.8
ORD-11224,CUST-1426,2024-08-17,14.17
ORD-11225,CUST-1426,2024-10-13,37.2
ORD-11226,CUST-1426,2024-10-20,73.67
ORD-11227,CUST-1427,2024-02-28,35.5
ORD-11228,CUST-1428,2024-07-12,21.05
ORD-11229,CUST-1429,2024-12-19,64.98
ORD-11230,CUST-1429,2025-01-27,26.64
ORD-11231,CUST-1429,2025-02-09,173.88
ORD-11232,CUST-1429,2025-03-03,42.75
ORD-11233,CUST-1430,2024-04-12,53.16
ORD-11234,CUST-1430,2024-04-28,101.04
ORD-11235,CUST-1430,2024-08-24,48.33
ORD-11236,CUST-1430,2024-09-16,224.3
ORD-11237,CUST-1431,2024-12-05,41.84
ORD-11238,CUST-1431,2025-02-19,196.46
ORD-11239,CUST-1431,2025-04-08,100.47
ORD-11240,CUST-1431,2025-06-25,133.7
ORD-11241,CUST-1431,2025-07-22,15.92
ORD-11242,CUST-1431,2025-08-19,85.31
ORD-11243,CUST-1432,2024-03-22,34.94
ORD-11244,CUST-1432,2024-05-28,55.33
ORD-11245,CUST-1432,2024-06-12,234.77
ORD-11246,CUST-1432,2024-08-12,217.23
ORD-11247,CUST-1433,2024-03-23,12.56
ORD-11248,CUST-1433,2024-03-29,258.5
ORD-11249,CUST-1433,2024-04-15,83.26
ORD-11250,CUST-1433,2024-07-11,64.5
ORD-11251,CUST-1433,2024-07-23,97.15
ORD-11252,CUST-1434,2024-12-24,20.76
ORD-11253,CUST-1434,2025-01-15,122.44
ORD-11254,CUST-1434,2025-03-01,45.02
ORD-11255,CUST-1434,2025-04-03,137.81
ORD-11256,CUST-1434,2025-04-26,144.94
ORD-11257,CUST-1435,2024-10-09,62.32
ORD-11258,CUST-1435,2024-11-28,26.72
ORD-11259,CUST-1435,2024-12-13,15.25
ORD-11260,CUST-1436,2024-10-17,20.91
ORD-11261,CUST-1436,2024-11-07,61.92
ORD-11262,CUST-1436,2024-12-19,72.15
ORD-11263,CUST-1436,2025-01-01,43.54
ORD-11264,CUST-1436,2025-02-18,240.03
ORD-11265,CUST-1436,2025-04-22,178.82
ORD-11266,CUST-1436,2025-06-30,70.73
ORD-11267,CUST-1436,2025-07-14,83.91
ORD-11268,CUST-1437,2024-11-18,25.86
ORD-11269,CUST-1437,2024-11-26,49.75
ORD-11270,CUST-1437,2025-01-18,49.92
ORD-11271,CUST-1437,2025-02-06,65.59
ORD-11272,CUST-1438,2024-07-08,39.15
ORD-11273,CUST-1438,2024-11-03,13.28
ORD-11274,CUST-1438,2024-12-14,100.23
ORD-11275,CUST-1438,2025-01-17,18.3
ORD-11276,CUST-1439,2024-02-12,130.6
ORD-11277,CUST-1439,2024-02-29,26.6
ORD-11278,CUST-1439,2024-04-05,107.68
ORD-11279,CUST-1439,2024-04-12,68.4
ORD-11280,CUST-1440,2024-11-29,20.66
ORD-11281,CUST-1441,2024-06-28,68.52
ORD-11282,CUST-1441,2024-08-10,38.77
ORD-11283,CUST-1441,2024-09-01,19.83
ORD-11284,CUST-1442,2024-04-24,77.26
ORD-11285,CUST-1442,2024-05-26,55.26
ORD-11286,CUST-1442,2024-08-02,34.03
ORD-11287,CUST-1442,2024-08-24,180.56
ORD-11288,CUST-1442,2024-08-31,55.71
ORD-11289,CUST-1443,2024-02-09,13.55
ORD-11290,CUST-1443,2024-07-12,43.26
ORD-11291,CUST-1443,2024-08-27,17.9
ORD-11292,CUST-1443,2024-10-22,187.78
ORD-11293,CUST-1443,2024-12-04,21.26
ORD-11294,CUST-1444,2024-05-03,27.15
ORD-11295,CUST-1444,2024-08-23,105.37
ORD-11296,CUST-1444,2024-10-17,35.77
ORD-11297,CUST-1444,2024-10-31,104.31
ORD-11298,CUST-1444,2024-12-03,29.13
ORD-11299,CUST-1445,2024-07-06,22.91
ORD-11300,CUST-1446,2024-03-22,107.76
ORD-11301,CUST-1447,2024-06-27,122.77
ORD-11302,CUST-1448,2024-11-27,21.83
ORD-11303,CUST-1448,2025-04-04,102.98
ORD-11304,CUST-1449,2025-01-06,27.4
ORD-11305,CUST-1449,2025-03-23,99.7
ORD-11306,CUST-1449,2025-03-30,44.33
ORD-11307,CUST-1449,2025-04-18,36.1
ORD-11308,CUST-1449,2025-10-23,79.41
ORD-11309,CUST-1450,2024-05-10,104.24
ORD-11310,CUST-1450,2024-06-06,73.41
ORD-11311,CUST-1450,2024-07-07,100.65
ORD-11312,CUST-1450,2024-07-23,16.42
ORD-11313,CUST-1450,2024-08-13,54.3
ORD-11314,CUST-1450,2024-08-26,40.98
ORD-11315,CUST-1451,2024-08-27,83.54
ORD-11316,CUST-1451,2024-09-25,91.0
ORD-11317,CUST-1452,2024-10-03,82.88
ORD-11318,CUST-1453,2024-12-29,94.61
ORD-11319,CUST-1453,2025-02-11,116.4
ORD-11320,CUST-1454,2024-12-11,55.08
ORD-11321,CUST-1454,2024-12-19,64.36
ORD-11322,CUST-1454,2025-01-17,149.11
ORD-11323,CUST-1454,2025-02-01,126.34
ORD-11324,CUST-1455,2024-07-06,139.31
ORD-11325,CUST-1455,2024-07-27,26.41
ORD-11326,CUST-1456,2024-03-07,38.8
ORD-11327,CUST-1456,2024-07-16,39.81
ORD-11328,CUST-1457,2024-02-08,95.35
ORD-11329,CUST-1457,2024-02-27,25.74
ORD-11330,CUST-1457,2024-03-04,13.94
ORD-11331,CUST-1457,2024-05-15,21.88
ORD-11332,CUST-1457,2024-06-17,73.02
ORD-11333,CUST-1458,2024-10-31,157.96
ORD-11334,CUST-1459,2024-06-30,33.73
ORD-11335,CUST-1459,2024-11-25,22.52
ORD-11336,CUST-1459,2025-01-08,34.08
ORD-11337,CUST-1459,2025-01-27,46.24
ORD-11338,CUST-1459,2025-11-30,16.17
ORD-11339,CUST-1459,2026-01-12,18.1
ORD-11340,CUST-1459,2026-01-24,50.14
ORD-11341,CUST-1459,2026-03-02,31.97
ORD-11342,CUST-1460,2025-01-21,200.68
ORD-11343,CUST-1461,2024-11-20,205.14
ORD-11344,CUST-1462,2024-04-13,51.35
ORD-11345,CUST-1462,2024-06-10,98.37
ORD-11346,CUST-1463,2024-06-11,24.55
ORD-11347,CUST-1464,2025-01-31,73.93
ORD-11348,CUST-1464,2025-02-25,108.64
ORD-11349,CUST-1464,2025-03-10,44.05
ORD-11350,CUST-1464,2025-04-03,49.24
ORD-11351,CUST-1464,2025-06-15,55.53
ORD-11352,CUST-1465,2024-07-20,32.15
ORD-11353,CUST-1465,2024-07-25,80.42
ORD-11354,CUST-1465,2024-08-31,50.83
ORD-11355,CUST-1466,2024-02-06,52.3
ORD-11356,CUST-1466,2024-03-04,143.66
ORD-11357,CUST-1466,2024-03-21,233.71
ORD-11358,CUST-1466,2024-08-15,30.99
ORD-11359,CUST-1466,2024-09-08,159.34
ORD-11360,CUST-1466,2025-02-12,50.59
ORD-11361,CUST-1467,2024-01-20,44.23
ORD-11362,CUST-1467,2024-02-13,37.15
ORD-11363,CUST-1467,2024-03-19,37.64
ORD-11364,CUST-1468,2024-08-18,278.66
ORD-11365,CUST-1468,2024-09-04,86.82
ORD-11366,CUST-1469,2024-08-26,99.96
ORD-11367,CUST-1469,2024-09-10,132.28
ORD-11368,CUST-1470,2025-01-16,17.4
ORD-11369,CUST-1470,2025-01-30,40.28
ORD-11370,CUST-1471,2024-03-26,46.92
ORD-11371,CUST-1471,2024-05-24,28.44
ORD-11372,CUST-1472,2024-01-28,37.27
ORD-11373,CUST-1472,2024-02-15,58.33
ORD-11374,CUST-1472,2024-04-27,139.52
ORD-11375,CUST-1473,2024-01-25,91.1
ORD-11376,CUST-1474,2024-06-27,96.89
ORD-11377,CUST-1474,2024-08-24,296.65
ORD-11378,CUST-1474,2024-09-09,83.07
ORD-11379,CUST-1474,2024-10-26,172.81
ORD-11380,CUST-1474,2024-11-07,103.08
ORD-11381,CUST-1475,2024-08-19,155.38
ORD-11382,CUST-1476,2024-07-15,36.64
ORD-11383,CUST-1476,2024-07-29,58.09
ORD-11384,CUST-1477,2025-01-06,143.98
ORD-11385,CUST-1478,2024-09-14,129.35
ORD-11386,CUST-1478,2024-10-27,80.07
ORD-11387,CUST-1478,2024-11-28,61.4
ORD-11388,CUST-1479,2024-08-06,21.81
ORD-11389,CUST-1479,2024-10-02,115.51
ORD-11390,CUST-1480,2024-12-16,61.33
ORD-11391,CUST-1481,2024-01-31,20.25
ORD-11392,CUST-1481,2024-02-07,31.85
ORD-11393,CUST-1481,2024-02-18,32.08
ORD-11394,CUST-1482,2024-09-12,39.6
ORD-11395,CUST-1482,2025-06-16,32.38
ORD-11396,CUST-1482,2025-07-05,185.98
ORD-11397,CUST-1482,2025-07-11,90.04
ORD-11398,CUST-1482,2025-09-12,130.16
ORD-11399,CUST-1483,2024-09-17,275.4
ORD-11400,CUST-1483,2025-01-09,50.09
ORD-11401,CUST-1483,2025-01-15,41.74
ORD-11402,CUST-1483,2025-04-08,91.08
ORD-11403,CUST-1484,2025-01-06,79.1
ORD-11404,CUST-1485,2024-05-22,87.08
ORD-11405,CUST-1485,2024-07-14,94.17
ORD-11406,CUST-1485,2024-08-02,37.16
ORD-11407,CUST-1486,2024-07-02,17.71
ORD-11408,CUST-1486,2024-08-25,124.42
ORD-11409,CUST-1486,2024-09-11,48.05
ORD-11410,CUST-1486,2024-12-07,148.78
ORD-11411,CUST-1487,2024-11-24,105.27
ORD-11412,CUST-1487,2024-12-01,133.15
ORD-11413,CUST-1488,2024-10-29,69.27
ORD-11414,CUST-1489,2024-01-23,70.11
ORD-11415,CUST-1490,2024-08-17,123.78
ORD-11416,CUST-1491,2024-01-11,98.88
ORD-11417,CUST-1492,2024-02-21,85.8
ORD-11418,CUST-1492,2024-05-24,226.33
ORD-11419,CUST-1492,2024-07-12,25.73
ORD-11420,CUST-1492,2024-07-22,121.43
ORD-11421,CUST-1493,2024-04-24,78.99
ORD-11422,CUST-1493,2024-05-15,218.51
ORD-11423,CUST-1493,2024-05-21,68.86
ORD-11424,CUST-1493,2024-06-03,93.46
ORD-11425,CUST-1493,2024-06-16,29.94
ORD-11426,CUST-1494,2024-12-30,22.81
ORD-11427,CUST-1494,2025-02-19,29.73
ORD-11428,CUST-1494,2025-03-03,87.26
ORD-11429,CUST-1495,2024-04-27,40.96
ORD-11430,CUST-1495,2024-06-08,31.4
ORD-11431,CUST-1495,2024-10-02,32.57
ORD-11432,CUST-1495,2025-01-16,19.6
ORD-11433,CUST-1496,2024-03-16,36.03
ORD-11434,CUST-1496,2024-03-25,22.6
ORD-11435,CUST-1496,2024-04-03,48.24
ORD-11436,CUST-1496,2024-06-18,22.41
ORD-11437,CUST-1496,2024-06-29,79.53
ORD-11438,CUST-1497,2025-01-04,124.5
ORD-11439,CUST-1498,2024-07-01,156.55
ORD-11440,CUST-1498,2024-08-12,128.6
ORD-11441,CUST-1498,2025-03-20,24.11
ORD-11442,CUST-1498,2025-05-16,85.41
ORD-11443,CUST-1498,2025-11-12,288.14
ORD-11444,CUST-1499,2024-11-08,169.16
ORD-11445,CUST-1500,2024-12-15,99.42
ORD-11446,CUST-1500,2025-01-02,17.03
ORD-11447,CUST-1500,2025-01-21,170.63
ORD-11448,CUST-1500,2025-03-12,95.49
ORD-11449,CUST-1500,2025-03-30,95.1
ORD-11450,CUST-1500,2025-04-05,43.08
ORD-11451,CUST-1501,2024-09-17,46.27
ORD-11452,CUST-1502,2024-12-29,32.92
ORD-11453,CUST-1503,2024-11-14,21.98
ORD-11454,CUST-1503,2025-05-08,229.22
ORD-11455,CUST-1503,2025-05-21,35.63
ORD-11456,CUST-1503,2025-05-30,33.11
ORD-11457,CUST-1503,2025-08-19,43.4
ORD-11458,CUST-1504,2024-03-07,290.79
ORD-11459,CUST-1504,2024-05-28,33.99
ORD-11460,CUST-1505,2024-08-20,184.21
ORD-11461,CUST-1506,2024-09-11,17.27
ORD-11462,CUST-1506,2024-10-06,62.24
ORD-11463,CUST-1506,2025-06-19,54.33
ORD-11464,CUST-1506,2025-09-08,49.27
ORD-11465,CUST-1507,2024-02-07,13.59
ORD-11466,CUST-1507,2024-05-15,30.04
ORD-11467,CUST-1507,2024-05-30,99.08
ORD-11468,CUST-1507,2024-06-21,58.35
ORD-11469,CUST-1507,2024-07-03,221.32
ORD-11470,CUST-1508,2024-01-08,69.92
ORD-11471,CUST-1508,2024-02-09,59.94
ORD-11472,CUST-1508,2024-02-14,48.21
ORD-11473,CUST-1509,2024-04-04,76.78
ORD-11474,CUST-1509,2024-06-27,47.42
ORD-11475,CUST-1509,2024-07-15,143.64
ORD-11476,CUST-1509,2024-09-07,51.13
ORD-11477,CUST-1510,2025-02-02,55.03
ORD-11478,CUST-1511,2024-07-04,30.84
ORD-11479,CUST-1511,2024-10-27,39.06
ORD-11480,CUST-1511,2025-03-17,62.0
ORD-11481,CUST-1511,2025-05-05,63.39
ORD-11482,CUST-1511,2025-05-16,43.14
ORD-11483,CUST-1511,2025-05-25,75.9
ORD-11484,CUST-1512,2025-01-05,93.06
ORD-11485,CUST-1512,2025-02-03,59.84
ORD-11486,CUST-1513,2025-01-21,24.99
ORD-11487,CUST-1513,2025-03-13,30.81
ORD-11488,CUST-1513,2025-05-13,109.99
ORD-11489,CUST-1514,2025-01-30,44.56
ORD-11490,CUST-1514,2025-04-04,87.53
ORD-11491,CUST-1514,2025-04-19,30.25
ORD-11492,CUST-1515,2024-12-17,231.55
ORD-11493,CUST-1516,2024-09-29,125.96
ORD-11494,CUST-1517,2024-09-06,36.52
ORD-11495,CUST-1517,2024-10-01,107.95
ORD-11496,CUST-1518,2025-01-09,125.99
ORD-11497,CUST-1518,2025-03-25,27.08
ORD-11498,CUST-1518,2025-06-11,135.87
ORD-11499,CUST-1518,2025-07-01,210.23
ORD-11500,CUST-1518,2025-07-08,23.06
ORD-11501,CUST-1518,2025-08-16,68.24
ORD-11502,CUST-1519,2024-02-27,13.42
ORD-11503,CUST-1520,2024-08-04,52.5
ORD-11504,CUST-1520,2024-09-09,17.37
ORD-11505,CUST-1521,2024-12-14,74.23
ORD-11506,CUST-1521,2024-12-26,225.64
ORD-11507,CUST-1521,2025-02-01,17.42
ORD-11508,CUST-1521,2025-03-22,31.48
ORD-11509,CUST-1522,2024-08-06,18.59
ORD-11510,CUST-1522,2024-09-04,137.25
ORD-11511,CUST-1522,2024-12-05,19.29
ORD-11512,CUST-1522,2024-12-14,32.31
ORD-11513,CUST-1522,2025-03-22,21.47
ORD-11514,CUST-1523,2024-11-11,29.8
ORD-11515,CUST-1524,2024-12-12,71.02
ORD-11516,CUST-1524,2024-12-23,48.76
ORD-11517,CUST-1525,2025-01-15,62.37
ORD-11518,CUST-1525,2025-02-11,135.04
ORD-11519,CUST-1525,2025-03-18,54.0
ORD-11520,CUST-1525,2025-04-22,134.43
ORD-11521,CUST-1525,2025-07-16,46.09
ORD-11522,CUST-1526,2024-02-12,30.24
ORD-11523,CUST-1526,2024-06-30,36.16
ORD-11524,CUST-1526,2024-07-13,52.63
ORD-11525,CUST-1526,2024-08-03,14.83
ORD-11526,CUST-1527,2024-04-07,52.28
ORD-11527,CUST-1527,2024-06-15,27.49
ORD-11528,CUST-1527,2024-08-14,13.89
ORD-11529,CUST-1527,2024-09-12,109.71
ORD-11530,CUST-1527,2024-10-05,66.42
ORD-11531,CUST-1528,2024-12-15,40.75
ORD-11532,CUST-1528,2025-02-15,37.49
ORD-11533,CUST-1529,2024-07-16,18.06
ORD-11534,CUST-1530,2024-09-25,15.97
ORD-11535,CUST-1530,2024-10-05,12.76
ORD-11536,CUST-1530,2025-09-13,117.86
ORD-11537,CUST-1530,2025-11-26,58.83
ORD-11538,CUST-1530,2025-12-17,23.16
ORD-11539,CUST-1530,2026-01-06,43.15
ORD-11540,CUST-1530,2026-03-15,62.93
ORD-11541,CUST-1530,2026-03-23,13.68
ORD-11542,CUST-1531,2024-12-16,111.86
ORD-11543,CUST-1531,2024-12-29,59.17
ORD-11544,CUST-1531,2025-02-02,76.27
ORD-11545,CUST-1531,2025-06-18,68.85
ORD-11546,CUST-1531,2025-07-27,15.86
ORD-11547,CUST-1532,2024-10-24,96.02
ORD-11548,CUST-1533,2024-05-28,31.6
ORD-11549,CUST-1533,2024-07-02,46.51
ORD-11550,CUST-1534,2024-01-22,76.4
ORD-11551,CUST-1535,2024-05-07,71.01
ORD-11552,CUST-1535,2024-05-22,20.54
ORD-11553,CUST-1535,2024-10-31,13.94
ORD-11554,CUST-1535,2025-01-17,113.34
ORD-11555,CUST-1536,2024-10-05,79.42
ORD-11556,CUST-1537,2024-01-30,91.47
ORD-11557,CUST-1537,2024-02-27,176.7
ORD-11558,CUST-1537,2024-04-19,18.66
ORD-11559,CUST-1537,2024-09-03,31.95
ORD-11560,CUST-1538,2024-06-09,40.57
ORD-11561,CUST-1538,2024-08-19,118.15
ORD-11562,CUST-1539,2024-11-15,92.34
ORD-11563,CUST-1540,2024-09-08,20.91
ORD-11564,CUST-1541,2024-12-03,79.67
ORD-11565,CUST-1541,2025-01-24,143.54
ORD-11566,CUST-1541,2025-05-09,176.5
ORD-11567,CUST-1541,2025-05-18,63.56
ORD-11568,CUST-1541,2025-07-22,104.44
ORD-11569,CUST-1542,2024-07-04,24.92
ORD-11570,CUST-1542,2024-07-27,13.69
ORD-11571,CUST-1543,2024-12-06,23.57
ORD-11572,CUST-1543,2025-05-25,132.66
ORD-11573,CUST-1543,2025-06-30,271.57
ORD-11574,CUST-1543,2025-07-09,35.97
ORD-11575,CUST-1544,2024-08-07,70.59
ORD-11576,CUST-1545,2024-12-03,26.59
ORD-11577,CUST-1546,2024-02-27,44.57
ORD-11578,CUST-1546,2024-07-17,37.54
ORD-11579,CUST-1546,2024-10-21,151.0
ORD-11580,CUST-1546,2024-11-14,18.15
ORD-11581,CUST-1546,2025-01-16,36.76
ORD-11582,CUST-1546,2025-03-30,50.5
ORD-11583,CUST-1546,2025-05-03,110.3
ORD-11584,CUST-1547,2024-09-25,32.91
ORD-11585,CUST-1547,2024-10-14,188.6
ORD-11586,CUST-1547,2024-12-15,68.45
ORD-11587,CUST-1547,2025-02-04,14.43
ORD-11588,CUST-1547,2025-03-24,58.8
ORD-11589,CUST-1548,2024-03-18,208.2
ORD-11590,CUST-1549,2024-10-13,62.71
ORD-11591,CUST-1550,2024-03-16,52.64
ORD-11592,CUST-1551,2024-06-16,17.43
ORD-11593,CUST-1551,2024-07-05,266.8
ORD-11594,CUST-1552,2024-07-26,14.99
ORD-11595,CUST-1553,2024-07-05,30.36
ORD-11596,CUST-1553,2024-08-07,52.01
ORD-11597,CUST-1553,2024-09-20,41.18
ORD-11598,CUST-1553,2024-10-03,58.04
ORD-11599,CUST-1553,2024-12-26,83.39
ORD-11600,CUST-1554,2024-10-23,126.77
ORD-11601,CUST-1554,2025-03-31,155.88
ORD-11602,CUST-1555,2024-07-02,76.86
ORD-11603,CUST-1556,2024-06-14,102.65
ORD-11604,CUST-1556,2024-08-11,316.15
ORD-11605,CUST-1557,2024-12-15,16.51
ORD-11606,CUST-1557,2025-03-28,38.44
ORD-11607,CUST-1557,2025-04-18,59.15
ORD-11608,CUST-1557,2025-08-28,15.68
ORD-11609,CUST-1557,2025-09-21,138.72
ORD-11610,CUST-1558,2025-01-01,105.79
ORD-11611,CUST-1559,2024-06-23,23.59
ORD-11612,CUST-1559,2024-11-07,107.14
ORD-11613,CUST-1560,2024-02-20,61.51
ORD-11614,CUST-1560,2024-03-10,13.88
ORD-11615,CUST-1560,2024-05-11,14.65
ORD-11616,CUST-1560,2024-06-25,62.86
ORD-11617,CUST-1560,2024-12-03,55.53
ORD-11618,CUST-1560,2024-12-10,64.65
ORD-11619,CUST-1560,2025-03-07,386.91
ORD-11620,CUST-1561,2024-09-03,46.33
ORD-11621,CUST-1562,2024-10-01,205.67
ORD-11622,CUST-1563,2025-01-08,107.01
ORD-11623,CUST-1563,2025-03-02,125.38
ORD-11624,CUST-1564,2024-08-24,55.32
ORD-11625,CUST-1564,2024-10-11,13.16
ORD-11626,CUST-1564,2024-10-25,56.44
ORD-11627,CUST-1564,2025-03-14,43.95
ORD-11628,CUST-1564,2025-04-12,94.02
ORD-11629,CUST-1565,2025-01-21,21.6
ORD-11630,CUST-1566,2024-11-08,27.1
ORD-11631,CUST-1567,2024-02-03,119.64
ORD-11632,CUST-1568,2024-07-22,29.73
ORD-11633,CUST-1568,2024-10-18,96.93
ORD-11634,CUST-1568,2025-04-18,23.5
ORD-11635,CUST-1568,2025-05-04,27.97
ORD-11636,CUST-1568,2025-07-18,25.95
ORD-11637,CUST-1569,2024-12-02,65.07
ORD-11638,CUST-1569,2025-03-21,181.91
ORD-11639,CUST-1570,2024-09-24,154.96
ORD-11640,CUST-1571,2024-08-11,57.92
ORD-11641,CUST-1571,2024-08-23,50.43
ORD-11642,CUST-1571,2024-09-15,60.46
ORD-11643,CUST-1571,2024-10-29,13.05
ORD-11644,CUST-1571,2025-01-06,93.64
ORD-11645,CUST-1572,2024-05-09,25.7
ORD-11646,CUST-1572,2024-06-21,23.44
ORD-11647,CUST-1573,2024-02-01,151.0
ORD-11648,CUST-1573,2024-02-09,92.25
ORD-11649,CUST-1573,2024-06-06,33.02
ORD-11650,CUST-1573,2024-07-01,67.2
ORD-11651,CUST-1574,2024-07-07,15.78
ORD-11652,CUST-1574,2024-07-21,114.1
ORD-11653,CUST-1574,2024-08-22,35.84
ORD-11654,CUST-1575,2025-01-03,69.13
ORD-11655,CUST-1575,2025-02-11,71.48
ORD-11656,CUST-1575,2025-03-08,119.47
ORD-11657,CUST-1576,2024-08-02,191.76
ORD-11658,CUST-1577,2024-02-10,97.25
ORD-11659,CUST-1577,2024-02-25,42.66
ORD-11660,CUST-1578,2024-11-23,24.74
ORD-11661,CUST-1578,2025-02-10,89.23
ORD-11662,CUST-1578,2025-03-23,90.66
ORD-11663,CUST-1579,2024-09-12,39.31
ORD-11664,CUST-1580,2024-12-23,32.75
ORD-11665,CUST-1580,2025-01-20,161.26
ORD-11666,CUST-1580,2025-05-06,87.73
ORD-11667,CUST-1580,2025-08-07,18.54
ORD-11668,CUST-1581,2024-04-05,47.68
ORD-11669,CUST-1582,2024-04-28,67.7
ORD-11670,CUST-1583,2024-10-24,23.22
ORD-11671,CUST-1583,2024-11-04,40.07
ORD-11672,CUST-1583,2025-01-22,30.88
ORD-11673,CUST-1584,2024-08-10,61.24
ORD-11674,CUST-1584,2024-10-01,29.76
ORD-11675,CUST-1585,2024-05-29,40.67
ORD-11676,CUST-1586,2024-09-27,118.17
ORD-11677,CUST-1587,2024-05-01,52.47
ORD-11678,CUST-1587,2024-07-21,185.28
ORD-11679,CUST-1587,2024-08-30,82.9
ORD-11680,CUST-1587,2024-12-18,19.24
ORD-11681,CUST-1587,2025-01-03,92.72
ORD-11682,CUST-1587,2025-03-27,138.93
ORD-11683,CUST-1588,2024-04-26,108.67
ORD-11684,CUST-1589,2024-02-05,224.29
ORD-11685,CUST-1589,2024-04-24,52.51
ORD-11686,CUST-1589,2024-05-10,188.64
ORD-11687,CUST-1590,2024-04-05,193.71
ORD-11688,CUST-1590,2024-04-18,20.31
ORD-11689,CUST-1591,2024-04-24,65.55
ORD-11690,CUST-1591,2024-05-15,18.38
ORD-11691,CUST-1591,2024-05-20,51.31
ORD-11692,CUST-1591,2024-08-14,67.71
ORD-11693,CUST-1591,2025-07-06,34.47
ORD-11694,CUST-1592,2024-04-24,114.83
ORD-11695,CUST-1593,2024-12-14,78.21
ORD-11696,CUST-1593,2024-12-27,49.02
ORD-11697,CUST-1593,2025-01-16,99.26
ORD-11698,CUST-1594,2024-07-20,37.18
ORD-11699,CUST-1594,2024-09-21,147.53
ORD-11700,CUST-1595,2024-07-05,34.36
ORD-11701,CUST-1595,2024-12-03,36.89
ORD-11702,CUST-1595,2024-12-12,61.14
ORD-11703,CUST-1595,2024-12-19,20.11
ORD-11704,CUST-1595,2025-01-04,53.08
ORD-11705,CUST-1596,2024-01-06,115.68
ORD-11706,CUST-1596,2024-02-09,21.62
ORD-11707,CUST-1596,2024-02-26,187.72
ORD-11708,CUST-1596,2024-05-29,92.91
ORD-11709,CUST-1596,2024-07-02,60.25
ORD-11710,CUST-1597,2024-09-27,46.25
ORD-11711,CUST-1597,2025-01-30,18.56
ORD-11712,CUST-1597,2025-03-08,175.48
ORD-11713,CUST-1598,2024-09-04,23.79
ORD-11714,CUST-1599,2024-12-29,26.49
ORD-11715,CUST-1599,2025-01-27,51.22
ORD-11716,CUST-1600,2025-01-07,167.88
ORD-11717,CUST-1601,2024-09-08,33.42
ORD-11718,CUST-1602,2024-07-31,36.0
ORD-11719,CUST-1602,2024-08-27,25.37
ORD-11720,CUST-1602,2024-10-09,218.52
ORD-11721,CUST-1603,2024-12-08,49.57
ORD-11722,CUST-1604,2024-11-02,27.48
ORD-11723,CUST-1605,2024-07-22,52.62
ORD-11724,CUST-1605,2024-11-07,185.36
ORD-11725,CUST-1605,2024-12-03,56.49
ORD-11726,CUST-1605,2025-03-19,119.33
ORD-11727,CUST-1606,2024-03-20,15.0
ORD-11728,CUST-1607,2024-04-02,117.74
ORD-11729,CUST-1608,2024-04-26,24.83
ORD-11730,CUST-1608,2024-05-22,169.62
ORD-11731,CUST-1608,2024-07-08,47.01
ORD-11732,CUST-1609,2024-08-14,74.64
ORD-11733,CUST-1610,2024-06-19,21.46
ORD-11734,CUST-1610,2024-11-03,54.4
ORD-11735,CUST-1610,2024-11-25,106.99
ORD-11736,CUST-1610,2024-12-31,36.62
ORD-11737,CUST-1611,2024-11-01,22.04
ORD-11738,CUST-1611,2024-11-17,151.68
ORD-11739,CUST-1612,2024-11-23,41.49
ORD-11740,CUST-1612,2025-01-02,86.02
ORD-11741,CUST-1613,2024-12-03,41.73
ORD-11742,CUST-1613,2025-01-25,53.87
ORD-11743,CUST-1613,2025-02-08,72.33
ORD-11744,CUST-1613,2025-02-15,47.17
ORD-11745,CUST-1613,2025-03-27,49.73
ORD-11746,CUST-1614,2024-08-02,189.99
ORD-11747,CUST-1614,2024-10-27,132.66
ORD-11748,CUST-1615,2025-01-13,30.4
ORD-11749,CUST-1615,2025-01-30,18.16
ORD-11750,CUST-1616,2024-03-15,128.16
ORD-11751,CUST-1616,2024-05-24,40.57
ORD-11752,CUST-1616,2024-06-19,62.07
ORD-11753,CUST-1616,2024-06-24,30.44
ORD-11754,CUST-1617,2024-03-17,58.11
ORD-11755,CUST-1618,2024-05-22,102.0
ORD-11756,CUST-1619,2025-01-28,43.94
ORD-11757,CUST-1619,2025-02-09,83.92
ORD-11758,CUST-1619,2025-03-01,69.79
ORD-11759,CUST-1619,2025-04-14,50.86
ORD-11760,CUST-1620,2024-09-22,112.1
ORD-11761,CUST-1621,2024-03-23,55.9
ORD-11762,CUST-1621,2024-06-30,61.2
ORD-11763,CUST-1621,2024-11-01,55.48
ORD-11764,CUST-1621,2024-12-06,20.79
ORD-11765,CUST-1622,2024-11-07,21.63
ORD-11766,CUST-1622,2024-12-23,14.77
ORD-11767,CUST-1622,2025-01-27,23.44
ORD-11768,CUST-1622,2025-02-10,42.02
ORD-11769,CUST-1623,2024-08-17,78.44
ORD-11770,CUST-1623,2024-09-27,99.64
ORD-11771,CUST-1624,2024-09-18,75.15
ORD-11772,CUST-1624,2024-10-09,18.33
ORD-11773,CUST-1624,2024-10-18,179.35
ORD-11774,CUST-1625,2024-08-24,129.84
ORD-11775,CUST-1626,2024-03-21,220.16
ORD-11776,CUST-1627,2024-01-12,30.75
ORD-11777,CUST-1628,2024-10-04,67.65
ORD-11778,CUST-1628,2025-01-24,20.99
ORD-11779,CUST-1628,2025-03-04,150.03
ORD-11780,CUST-1628,2025-04-01,55.26
ORD-11781,CUST-1628,2025-04-09,33.69
ORD-11782,CUST-1628,2025-05-01,201.17
ORD-11783,CUST-1628,2025-05-20,52.66
ORD-11784,CUST-1629,2024-12-12,76.47
ORD-11785,CUST-1630,2024-11-05,32.5
ORD-11786,CUST-1631,2025-01-19,156.1
ORD-11787,CUST-1631,2025-02-07,124.97
ORD-11788,CUST-1631,2025-03-16,52.77
ORD-11789,CUST-1631,2025-04-06,69.04
ORD-11790,CUST-1631,2025-06-08,46.9
ORD-11791,CUST-1632,2024-04-14,30.49
ORD-11792,CUST-1632,2024-05-18,154.13
ORD-11793,CUST-1632,2024-06-13,102.54
ORD-11794,CUST-1633,2024-11-08,108.38
ORD-11795,CUST-1633,2024-11-24,178.5
ORD-11796,CUST-1633,2025-01-08,43.56
ORD-11797,CUST-1633,2025-02-13,72.89
ORD-11798,CUST-1633,2025-03-26,55.81
ORD-11799,CUST-1634,2024-11-02,187.66
ORD-11800,CUST-1634,2025-03-19,42.43
ORD-11801,CUST-1635,2024-06-11,43.9
ORD-11802,CUST-1635,2024-08-26,52.11
ORD-11803,CUST-1635,2024-09-08,32.71
ORD-11804,CUST-1636,2024-10-12,192.93
ORD-11805,CUST-1637,2024-12-24,245.04
ORD-11806,CUST-1637,2025-03-27,20.08
ORD-11807,CUST-1638,2024-06-25,15.57
ORD-11808,CUST-1639,2024-12-13,82.99
ORD-11809,CUST-1640,2024-01-19,84.28
ORD-11810,CUST-1640,2024-04-22,24.06
ORD-11811,CUST-1640,2024-07-11,137.3
ORD-11812,CUST-1641,2024-08-08,15.87
ORD-11813,CUST-1642,2024-01-01,119.06
ORD-11814,CUST-1642,2024-01-09,26.32
ORD-11815,CUST-1642,2024-02-04,55.62
ORD-11816,CUST-1643,2024-06-21,147.67
ORD-11817,CUST-1643,2024-07-12,18.96
ORD-11818,CUST-1644,2024-09-06,27.64
ORD-11819,CUST-1644,2024-10-12,63.67
ORD-11820,CUST-1645,2024-07-16,23.89
ORD-11821,CUST-1645,2025-01-09,23.72
ORD-11822,CUST-1645,2025-02-13,41.93
ORD-11823,CUST-1646,2024-12-21,15.19
ORD-11824,CUST-1647,2025-01-21,61.11
ORD-11825,CUST-1647,2025-02-11,41.77
ORD-11826,CUST-1648,2025-01-14,30.85
ORD-11827,CUST-1648,2025-02-22,55.3
ORD-11828,CUST-1649,2024-03-26,99.6
ORD-11829,CUST-1650,2024-01-20,32.82
ORD-11830,CUST-1650,2024-03-12,62.08
ORD-11831,CUST-1650,2024-07-24,45.3
ORD-11832,CUST-1650,2024-09-20,56.18
ORD-11833,CUST-1650,2024-10-27,32.76
ORD-11834,CUST-1651,2024-07-17,63.61
ORD-11835,CUST-1651,2024-07-30,105.39
ORD-11836,CUST-1651,2025-02-08,201.95
ORD-11837,CUST-1652,2024-08-19,26.12
ORD-11838,CUST-1652,2024-12-06,85.39
ORD-11839,CUST-1652,2025-01-25,19.31
ORD-11840,CUST-1652,2025-03-12,20.88
ORD-11841,CUST-1652,2025-03-20,61.21
ORD-11842,CUST-1652,2025-04-17,70.27
ORD-11843,CUST-1653,2025-01-25,34.42
ORD-11844,CUST-1653,2025-02-23,80.71
ORD-11845,CUST-1653,2025-03-01,120.54
ORD-11846,CUST-1653,2025-04-09,33.69
ORD-11847,CUST-1653,2025-04-16,24.03
ORD-11848,CUST-1654,2024-10-03,67.72
ORD-11849,CUST-1655,2024-09-24,241.89
ORD-11850,CUST-1656,2024-05-01,25.54
ORD-11851,CUST-1656,2024-05-10,93.89
ORD-11852,CUST-1656,2024-05-24,88.64
ORD-11853,CUST-1656,2024-06-20,47.44
ORD-11854,CUST-1656,2024-07-23,42.3
ORD-11855,CUST-1657,2024-07-03,26.47
ORD-11856,CUST-1657,2024-07-18,14.02
ORD-11857,CUST-1658,2024-04-21,21.36
ORD-11858,CUST-1659,2024-09-14,39.48
ORD-11859,CUST-1660,2024-06-23,32.77
ORD-11860,CUST-1660,2024-08-08,145.78
ORD-11861,CUST-1660,2025-06-15,73.33
ORD-11862,CUST-1661,2024-07-10,42.25
ORD-11863,CUST-1662,2024-11-30,80.89
ORD-11864,CUST-1663,2024-12-14,59.23
ORD-11865,CUST-1664,2024-12-14,50.98
ORD-11866,CUST-1665,2024-06-10,86.29
ORD-11867,CUST-1666,2024-08-15,140.82
ORD-11868,CUST-1666,2024-08-23,17.4
ORD-11869,CUST-1666,2024-11-21,28.06
ORD-11870,CUST-1666,2025-01-14,63.38
ORD-11871,CUST-1667,2024-08-10,202.68
ORD-11872,CUST-1668,2024-02-15,73.62
ORD-11873,CUST-1668,2024-05-07,34.33
ORD-11874,CUST-1668,2024-05-24,113.01
ORD-11875,CUST-1668,2024-05-31,42.47
ORD-11876,CUST-1669,2024-02-03,20.76
ORD-11877,CUST-1669,2024-02-19,57.58
ORD-11878,CUST-1669,2024-05-16,91.04
ORD-11879,CUST-1669,2024-07-30,40.6
ORD-11880,CUST-1669,2024-08-27,45.02
ORD-11881,CUST-1669,2024-09-10,16.61
ORD-11882,CUST-1670,2024-11-07,31.42
ORD-11883,CUST-1671,2024-07-22,61.38
ORD-11884,CUST-1671,2024-10-09,98.95
ORD-11885,CUST-1671,2024-12-02,20.32
ORD-11886,CUST-1671,2025-02-02,57.59
ORD-11887,CUST-1671,2025-05-19,176.57
ORD-11888,CUST-1671,2025-05-26,124.19
ORD-11889,CUST-1672,2024-10-25,13.05
ORD-11890,CUST-1673,2024-02-18,62.21
ORD-11891,CUST-1673,2024-04-13,47.62
ORD-11892,CUST-1673,2024-06-16,60.46
ORD-11893,CUST-1673,2024-06-24,26.36
ORD-11894,CUST-1673,2024-09-19,96.39
ORD-11895,CUST-1674,2024-01-05,399.97
ORD-11896,CUST-1675,2024-09-06,39.16
ORD-11897,CUST-1675,2024-09-21,36.92
ORD-11898,CUST-1675,2024-10-04,163.43
ORD-11899,CUST-1675,2024-10-31,30.79
ORD-11900,CUST-1675,2024-12-01,37.62
ORD-11901,CUST-1676,2024-09-17,155.79
ORD-11902,CUST-1676,2024-10-18,162.94
ORD-11903,CUST-1676,2024-12-24,56.09
ORD-11904,CUST-1676,2025-02-08,38.1
ORD-11905,CUST-1676,2025-08-16,84.04
ORD-11906,CUST-1677,2024-01-10,51.36
ORD-11907,CUST-1678,2024-03-21,37.53
ORD-11908,CUST-1678,2024-05-05,17.37
ORD-11909,CUST-1678,2024-05-17,17.44
ORD-11910,CUST-1679,2024-09-05,110.29
ORD-11911,CUST-1679,2024-10-11,41.26
ORD-11912,CUST-1679,2024-10-30,79.42
ORD-11913,CUST-1679,2024-12-27,145.6
ORD-11914,CUST-1679,2025-01-19,107.96
ORD-11915,CUST-1680,2024-01-22,192.77
ORD-11916,CUST-1680,2024-02-29,74.53
ORD-11917,CUST-1680,2024-04-03,18.89
ORD-11918,CUST-1680,2024-06-12,101.89
ORD-11919,CUST-1680,2024-07-03,36.27
ORD-11920,CUST-1681,2024-08-25,191.17
ORD-11921,CUST-1682,2024-01-20,14.55
ORD-11922,CUST-1682,2024-03-01,105.82
ORD-11923,CUST-1682,2024-04-09,131.94
ORD-11924,CUST-1682,2024-04-15,42.2
ORD-11925,CUST-1682,2024-05-02,51.04
ORD-11926,CUST-1682,2024-05-10,212.83
ORD-11927,CUST-1683,2024-10-26,164.18
ORD-11928,CUST-1683,2024-11-06,19.07
ORD-11929,CUST-1683,2024-12-05,188.86
ORD-11930,CUST-1683,2025-01-14,61.23
ORD-11931,CUST-1684,2024-09-10,172.44
ORD-11932,CUST-1685,2024-10-21,35.8
ORD-11933,CUST-1685,2024-11-23,71.97
ORD-11934,CUST-1686,2024-06-19,30.96
ORD-11935,CUST-1686,2024-08-25,32.25
ORD-11936,CUST-1686,2024-12-04,157.06
ORD-11937,CUST-1686,2024-12-18,74.35
ORD-11938,CUST-1687,2024-04-23,43.37
ORD-11939,CUST-1687,2024-05-02,95.02
ORD-11940,CUST-1688,2024-05-16,118.2
ORD-11941,CUST-1688,2024-08-31,59.97
ORD-11942,CUST-1688,2024-10-02,14.54
ORD-11943,CUST-1689,2025-01-04,14.11
ORD-11944,CUST-1689,2025-02-17,64.25
ORD-11945,CUST-1690,2025-01-09,24.18
ORD-11946,CUST-1690,2025-01-25,32.38
ORD-11947,CUST-1691,2024-02-16,19.86
ORD-11948,CUST-1692,2024-03-30,16.28
ORD-11949,CUST-1693,2024-05-21,43.69
ORD-11950,CUST-1693,2024-06-18,97.03
ORD-11951,CUST-1693,2024-07-20,138.8
ORD-11952,CUST-1693,2024-12-01,39.11
ORD-11953,CUST-1693,2025-01-12,18.99
ORD-11954,CUST-1694,2024-08-30,89.02
ORD-11955,CUST-1694,2024-09-25,144.67
ORD-11956,CUST-1694,2024-11-06,50.13
ORD-11957,CUST-1695,2024-05-01,90.32
ORD-11958,CUST-1695,2024-07-15,35.29
ORD-11959,CUST-1695,2024-08-19,48.03
ORD-11960,CUST-1695,2024-09-16,29.6
ORD-11961,CUST-1695,2024-09-27,26.74
ORD-11962,CUST-1696,2024-09-07,37.22
ORD-11963,CUST-1697,2024-05-23,13.05
ORD-11964,CUST-1698,2024-09-18,44.32
ORD-11965,CUST-1698,2024-11-08,15.48
ORD-11966,CUST-1698,2024-11-15,52.22
ORD-11967,CUST-1699,2024-06-06,37.24
ORD-11968,CUST-1699,2024-07-03,23.1
ORD-11969,CUST-1700,2024-12-19,68.43
ORD-11970,CUST-1700,2025-01-04,32.88
ORD-11971,CUST-1700,2025-03-23,15.43
ORD-11972,CUST-1700,2025-10-31,21.58
ORD-11973,CUST-1700,2026-01-15,45.14
ORD-11974,CUST-1701,2024-01-01,30.75
ORD-11975,CUST-1701,2024-02-26,20.9
ORD-11976,CUST-1702,2025-01-11,32.13
ORD-11977,CUST-1702,2025-04-12,141.94
ORD-11978,CUST-1702,2025-06-22,24.52
ORD-11979,CUST-1703,2024-07-22,69.71
ORD-11980,CUST-1703,2024-08-16,54.43
ORD-11981,CUST-1703,2024-09-10,79.09
ORD-11982,CUST-1704,2024-09-06,97.34
ORD-11983,CUST-1705,2024-08-29,16.32
ORD-11984,CUST-1706,2024-12-17,37.09
ORD-11985,CUST-1706,2024-12-28,53.58
ORD-11986,CUST-1706,2025-02-12,14.54
ORD-11987,CUST-1707,2024-03-05,166.09
ORD-11988,CUST-1707,2024-04-11,23.35
ORD-11989,CUST-1707,2024-08-08,104.58
ORD-11990,CUST-1708,2024-06-24,111.51
ORD-11991,CUST-1708,2024-09-05,51.75
ORD-11992,CUST-1708,2024-11-19,131.06
ORD-11993,CUST-1709,2024-05-05,20.57
ORD-11994,CUST-1710,2024-10-15,88.06
ORD-11995,CUST-1710,2024-10-24,178.8
ORD-11996,CUST-1711,2024-10-04,15.13
ORD-11997,CUST-1712,2024-12-23,57.28
ORD-11998,CUST-1712,2025-03-20,117.55
ORD-11999,CUST-1712,2025-04-17,29.5
ORD-12000,CUST-1712,2025-05-15,126.25
ORD-12001,CUST-1712,2025-05-31,60.81
ORD-12002,CUST-1712,2025-08-17,40.85
ORD-12003,CUST-1713,2024-11-13,19.27
ORD-12004,CUST-1714,2024-10-09,51.48
ORD-12005,CUST-1714,2024-10-18,92.41
ORD-12006,CUST-1714,2024-10-24,145.21
ORD-12007,CUST-1714,2024-11-04,21.35
ORD-12008,CUST-1715,2024-07-11,64.67
ORD-12009,CUST-1715,2024-08-29,31.82
ORD-12010,CUST-1715,2025-01-14,24.59
ORD-12011,CUST-1715,2025-06-19,13.47
ORD-12012,CUST-1716,2024-06-23,47.33
ORD-12013,CUST-1717,2024-05-05,22.44
ORD-12014,CUST-1717,2024-05-20,19.75
ORD-12015,CUST-1717,2024-07-15,82.76
ORD-12016,CUST-1717,2024-12-02,97.53
ORD-12017,CUST-1717,2024-12-09,152.66
ORD-12018,CUST-1718,2024-06-25,69.63
ORD-12019,CUST-1718,2024-09-14,301.42
ORD-12020,CUST-1718,2024-10-11,15.66
ORD-12021,CUST-1718,2024-12-27,72.77
ORD-12022,CUST-1718,2025-01-10,56.89
ORD-12023,CUST-1719,2024-10-19,30.53
ORD-12024,CUST-1719,2024-11-01,61.55
ORD-12025,CUST-1719,2024-11-21,76.93
ORD-12026,CUST-1719,2024-12-01,81.66
ORD-12027,CUST-1719,2024-12-20,12.52
ORD-12028,CUST-1720,2024-06-07,228.25
ORD-12029,CUST-1720,2024-07-16,34.57
ORD-12030,CUST-1720,2024-07-26,91.53
ORD-12031,CUST-1720,2024-09-15,42.94
ORD-12032,CUST-1720,2025-02-02,13.96
ORD-12033,CUST-1720,2025-02-23,177.55
ORD-12034,CUST-1720,2025-03-17,31.39
ORD-12035,CUST-1721,2024-10-11,44.09
ORD-12036,CUST-1721,2024-11-08,111.9
ORD-12037,CUST-1721,2025-04-10,21.3
ORD-12038,CUST-1722,2024-10-01,49.75
ORD-12039,CUST-1722,2024-10-15,122.55
ORD-12040,CUST-1723,2024-10-19,15.18
ORD-12041,CUST-1723,2024-10-28,12.94
ORD-12042,CUST-1723,2024-11-09,17.15
ORD-12043,CUST-1724,2024-04-06,191.3
ORD-12044,CUST-1725,2024-05-14,27.6
ORD-12045,CUST-1726,2024-08-18,16.93
ORD-12046,CUST-1727,2024-01-24,36.19
ORD-12047,CUST-1727,2024-02-05,24.93
ORD-12048,CUST-1727,2024-04-14,13.54
ORD-12049,CUST-1727,2024-05-25,43.52
ORD-12050,CUST-1728,2024-02-09,160.75
ORD-12051,CUST-1728,2024-03-04,64.59
ORD-12052,CUST-1728,2024-03-29,21.24
ORD-12053,CUST-1728,2024-05-13,60.91
ORD-12054,CUST-1729,2024-11-13,76.97
ORD-12055,CUST-1729,2024-11-25,93.0
ORD-12056,CUST-1729,2025-01-19,14.11
ORD-12057,CUST-1729,2025-02-16,38.82
ORD-12058,CUST-1730,2024-09-06,47.11
ORD-12059,CUST-1730,2024-12-08,31.36
ORD-12060,CUST-1730,2025-06-09,74.33
ORD-12061,CUST-1730,2025-08-23,18.32
ORD-12062,CUST-1730,2025-09-06,104.83
ORD-12063,CUST-1731,2024-09-19,42.03
ORD-12064,CUST-1732,2024-08-23,60.3
ORD-12065,CUST-1732,2024-10-28,58.83
ORD-12066,CUST-1733,2024-05-14,254.99
ORD-12067,CUST-1734,2024-01-08,17.53
ORD-12068,CUST-1734,2024-02-14,239.22
ORD-12069,CUST-1735,2024-11-04,132.21
ORD-12070,CUST-1736,2024-10-10,28.22
ORD-12071,CUST-1736,2024-10-16,27.1
ORD-12072,CUST-1736,2024-10-29,39.29
ORD-12073,CUST-1737,2024-08-30,45.24
ORD-12074,CUST-1737,2024-09-19,143.6
ORD-12075,CUST-1738,2024-06-25,16.87
ORD-12076,CUST-1738,2024-09-16,21.25
ORD-12077,CUST-1738,2025-01-04,142.29
ORD-12078,CUST-1739,2024-11-10,124.53
ORD-12079,CUST-1739,2024-12-21,25.38
ORD-12080,CUST-1739,2025-01-23,236.38
ORD-12081,CUST-1739,2025-03-31,120.85
ORD-12082,CUST-1739,2025-04-06,53.51
ORD-12083,CUST-1739,2025-05-27,127.69
ORD-12084,CUST-1739,2025-06-03,136.88
ORD-12085,CUST-1740,2024-04-22,61.7
ORD-12086,CUST-1741,2024-04-03,51.76
ORD-12087,CUST-1742,2024-06-23,45.37
ORD-12088,CUST-1742,2024-08-28,69.0
ORD-12089,CUST-1742,2024-09-24,24.67
ORD-12090,CUST-1742,2024-10-10,68.19
ORD-12091,CUST-1743,2025-01-25,38.85
ORD-12092,CUST-1743,2025-03-11,18.64
ORD-12093,CUST-1743,2025-04-26,18.6
ORD-12094,CUST-1743,2025-09-21,94.24
ORD-12095,CUST-1744,2024-03-24,12.74
ORD-12096,CUST-1744,2024-04-10,58.83
ORD-12097,CUST-1744,2024-05-06,51.18
ORD-12098,CUST-1744,2024-11-04,40.53
ORD-12099,CUST-1744,2024-12-06,21.82
ORD-12100,CUST-1744,2024-12-13,109.58
ORD-12101,CUST-1744,2025-01-25,105.45
ORD-12102,CUST-1744,2025-02-06,67.64
ORD-12103,CUST-1745,2024-02-22,36.55
ORD-12104,CUST-1746,2024-08-23,16.8
ORD-12105,CUST-1746,2024-11-25,224.21
ORD-12106,CUST-1747,2024-06-14,32.96
ORD-12107,CUST-1748,2024-11-10,85.26
ORD-12108,CUST-1748,2024-11-20,89.65
ORD-12109,CUST-1748,2024-12-21,201.01
ORD-12110,CUST-1748,2025-01-01,79.42
ORD-12111,CUST-1748,2025-01-27,216.75
ORD-12112,CUST-1749,2024-04-27,13.5
ORD-12113,CUST-1749,2024-05-13,34.03
ORD-12114,CUST-1749,2024-06-13,24.7
ORD-12115,CUST-1749,2024-09-18,91.83
ORD-12116,CUST-1749,2024-09-27,80.76
ORD-12117,CUST-1749,2024-11-18,215.86
ORD-12118,CUST-1750,2024-07-24,29.62
ORD-12119,CUST-1750,2024-08-06,120.55
ORD-12120,CUST-1750,2024-08-17,53.6
ORD-12121,CUST-1750,2024-12-25,25.86
ORD-12122,CUST-1751,2024-05-03,33.91
ORD-12123,CUST-1751,2024-10-16,23.32
ORD-12124,CUST-1751,2024-12-19,12.53
ORD-12125,CUST-1752,2024-05-07,31.39
ORD-12126,CUST-1752,2024-09-29,179.41
ORD-12127,CUST-1752,2024-10-31,134.18
ORD-12128,CUST-1752,2024-12-02,48.4
ORD-12129,CUST-1753,2024-06-26,111.32
ORD-12130,CUST-1754,2024-08-10,113.13
ORD-12131,CUST-1755,2024-12-21,53.86
ORD-12132,CUST-1756,2024-02-08,172.41
ORD-12133,CUST-1756,2024-02-17,80.41
ORD-12134,CUST-1756,2024-03-16,46.32
ORD-12135,CUST-1756,2024-05-11,17.01
ORD-12136,CUST-1756,2024-06-25,108.61
ORD-12137,CUST-1756,2024-09-17,24.65
ORD-12138,CUST-1756,2025-01-02,81.89
ORD-12139,CUST-1757,2024-04-24,32.83
ORD-12140,CUST-1757,2024-07-26,17.21
ORD-12141,CUST-1757,2024-09-19,24.83
ORD-12142,CUST-1757,2024-10-13,16.63
ORD-12143,CUST-1757,2024-11-01,107.58
ORD-12144,CUST-1757,2025-02-11,28.78
ORD-12145,CUST-1758,2024-06-10,167.06
ORD-12146,CUST-1758,2024-08-14,63.38
ORD-12147,CUST-1758,2024-09-21,40.28
ORD-12148,CUST-1758,2024-10-29,81.75
ORD-12149,CUST-1758,2024-11-27,93.9
ORD-12150,CUST-1759,2024-10-01,31.19
ORD-12151,CUST-1760,2025-01-15,219.06
ORD-12152,CUST-1760,2025-01-24,13.48
ORD-12153,CUST-1760,2025-02-05,371.6
ORD-12154,CUST-1760,2025-02-18,57.89
ORD-12155,CUST-1761,2024-12-10,34.17
ORD-12156,CUST-1762,2024-06-12,34.69
ORD-12157,CUST-1763,2024-04-16,62.44
ORD-12158,CUST-1763,2024-05-17,50.2
ORD-12159,CUST-1763,2024-05-26,94.92
ORD-12160,CUST-1763,2024-06-10,26.76
ORD-12161,CUST-1763,2024-07-08,29.3
ORD-12162,CUST-1764,2024-03-22,23.51
ORD-12163,CUST-1765,2024-07-18,65.01
ORD-12164,CUST-1766,2024-07-18,28.17
ORD-12165,CUST-1766,2024-07-25,38.1
ORD-12166,CUST-1766,2024-08-05,92.95
ORD-12167,CUST-1766,2024-09-13,22.59
ORD-12168,CUST-1767,2024-02-04,28.9
ORD-12169,CUST-1767,2024-02-18,48.81
ORD-12170,CUST-1767,2024-04-11,32.41
ORD-12171,CUST-1767,2024-04-16,60.06
ORD-12172,CUST-1768,2024-04-15,58.13
ORD-12173,CUST-1768,2024-06-20,57.97
ORD-12174,CUST-1768,2024-06-28,96.08
ORD-12175,CUST-1768,2024-09-14,34.72
ORD-12176,CUST-1768,2024-11-07,48.65
ORD-12177,CUST-1768,2025-02-18,133.78
ORD-12178,CUST-1769,2024-12-12,96.28
ORD-12179,CUST-1769,2025-01-09,28.21
ORD-12180,CUST-1769,2025-02-02,34.22
ORD-12181,CUST-1769,2025-02-15,100.9
ORD-12182,CUST-1769,2025-03-05,51.85
ORD-12183,CUST-1770,2024-08-24,71.96
ORD-12184,CUST-1770,2024-09-22,49.25
ORD-12185,CUST-1771,2024-02-19,19.42
ORD-12186,CUST-1771,2024-04-06,26.72
ORD-12187,CUST-1772,2024-05-11,27.81
ORD-12188,CUST-1772,2024-06-15,13.79
ORD-12189,CUST-1773,2024-06-08,24.62
ORD-12190,CUST-1773,2024-06-26,32.36
ORD-12191,CUST-1773,2024-08-06,46.95
ORD-12192,CUST-1773,2024-12-21,21.28
ORD-12193,CUST-1774,2024-02-27,139.32
ORD-12194,CUST-1775,2024-09-24,159.5
ORD-12195,CUST-1775,2024-10-01,22.35
ORD-12196,CUST-1775,2024-12-01,49.87
ORD-12197,CUST-1775,2024-12-29,22.07
ORD-12198,CUST-1776,2024-04-13,55.1
ORD-12199,CUST-1777,2024-02-19,27.25
ORD-12200,CUST-1777,2024-03-18,133.99
ORD-12201,CUST-1777,2024-04-11,81.6
ORD-12202,CUST-1778,2025-02-01,21.34
ORD-12203,CUST-1778,2025-02-09,149.53
ORD-12204,CUST-1778,2025-03-02,80.79
ORD-12205,CUST-1779,2024-05-17,46.87
ORD-12206,CUST-1780,2025-01-03,15.78
ORD-12207,CUST-1780,2025-02-15,137.41
ORD-12208,CUST-1780,2025-03-04,148.34
ORD-12209,CUST-1781,2025-01-03,53.8
ORD-12210,CUST-1781,2025-01-09,88.59
ORD-12211,CUST-1781,2025-02-12,21.13
ORD-12212,CUST-1782,2024-07-21,122.92
ORD-12213,CUST-1783,2024-10-05,47.68
ORD-12214,CUST-1784,2025-01-04,20.26
ORD-12215,CUST-1784,2025-01-13,38.82
ORD-12216,CUST-1784,2025-02-08,28.18
ORD-12217,CUST-1784,2025-03-24,50.53
ORD-12218,CUST-1785,2024-05-04,19.32
ORD-12219,CUST-1785,2024-05-23,128.36
ORD-12220,CUST-1785,2024-11-21,56.76
ORD-12221,CUST-1786,2024-08-19,17.57
ORD-12222,CUST-1787,2024-09-07,78.55
ORD-12223,CUST-1787,2024-10-26,64.94
ORD-12224,CUST-1787,2025-05-12,98.16
ORD-12225,CUST-1788,2024-07-12,59.41
ORD-12226,CUST-1789,2024-09-03,126.93
ORD-12227,CUST-1789,2024-09-15,71.14
ORD-12228,CUST-1790,2025-01-27,45.03
ORD-12229,CUST-1791,2024-02-05,158.1
ORD-12230,CUST-1791,2024-03-03,36.94
ORD-12231,CUST-1792,2024-12-11,111.37
ORD-12232,CUST-1792,2025-04-15,30.83
ORD-12233,CUST-1793,2024-08-13,39.43
ORD-12234,CUST-1794,2024-08-10,82.91
ORD-12235,CUST-1794,2024-09-24,99.14
ORD-12236,CUST-1794,2024-11-06,16.99
ORD-12237,CUST-1794,2024-11-16,71.49
ORD-12238,CUST-1794,2024-12-05,17.89
ORD-12239,CUST-1794,2025-01-04,65.03
ORD-12240,CUST-1795,2024-10-05,43.16
ORD-12241,CUST-1795,2025-02-15,123.24
ORD-12242,CUST-1795,2025-03-31,31.39
ORD-12243,CUST-1795,2025-04-15,39.55
ORD-12244,CUST-1795,2025-05-19,35.32
ORD-12245,CUST-1795,2025-06-25,24.25
ORD-12246,CUST-1796,2024-06-23,77.13
ORD-12247,CUST-1796,2024-07-16,35.79
ORD-12248,CUST-1796,2024-08-28,57.31
ORD-12249,CUST-1797,2024-02-03,15.99
ORD-12250,CUST-1798,2024-11-21,15.08
ORD-12251,CUST-1799,2024-07-26,43.78
ORD-12252,CUST-1799,2024-09-06,20.41
ORD-12253,CUST-1800,2024-12-04,99.0
ORD-12254,CUST-1800,2024-12-19,22.7
ORD-12255,CUST-1800,2025-01-10,255.12
ORD-12256,CUST-1800,2025-01-28,52.09
ORD-12257,CUST-1800,2025-02-03,45.4
ORD-12258,CUST-1800,2025-03-18,211.42
ORD-12259,CUST-1801,2024-08-18,208.0
ORD-12260,CUST-1801,2024-11-19,29.35
ORD-12261,CUST-1802,2024-07-20,53.08
ORD-12262,CUST-1802,2024-08-07,58.21
ORD-12263,CUST-1802,2024-08-13,21.69
ORD-12264,CUST-1803,2024-05-15,53.75
ORD-12265,CUST-1803,2024-06-07,103.91
ORD-12266,CUST-1803,2024-06-29,22.17
ORD-12267,CUST-1803,2024-07-26,266.5
ORD-12268,CUST-1803,2024-08-11,74.07
ORD-12269,CUST-1803,2024-09-10,17.29
ORD-12270,CUST-1803,2024-10-15,91.23
ORD-12271,CUST-1804,2024-08-18,114.57
ORD-12272,CUST-1804,2024-09-09,94.36
ORD-12273,CUST-1804,2024-09-20,34.88
ORD-12274,CUST-1805,2024-07-09,72.52
ORD-12275,CUST-1805,2025-01-22,192.99
ORD-12276,CUST-1805,2025-04-26,155.46
ORD-12277,CUST-1805,2025-05-29,82.14
ORD-12278,CUST-1805,2025-09-12,44.94
ORD-12279,CUST-1805,2026-02-10,47.44
ORD-12280,CUST-1806,2024-09-21,37.85
ORD-12281,CUST-1806,2024-10-25,74.94
ORD-12282,CUST-1806,2024-11-22,26.87
ORD-12283,CUST-1806,2025-04-22,59.06
ORD-12284,CUST-1806,2025-06-25,46.91
ORD-12285,CUST-1806,2025-07-19,46.48
ORD-12286,CUST-1807,2024-03-08,21.26
ORD-12287,CUST-1807,2024-07-12,72.87
ORD-12288,CUST-1807,2024-09-03,45.9
ORD-12289,CUST-1808,2024-04-24,33.04
ORD-12290,CUST-1808,2024-07-25,14.61
ORD-12291,CUST-1808,2024-08-02,33.31
ORD-12292,CUST-1808,2024-08-17,29.65
ORD-12293,CUST-1808,2024-11-01,66.33
ORD-12294,CUST-1808,2024-11-06,48.96
ORD-12295,CUST-1809,2024-10-18,12.5
ORD-12296,CUST-1809,2025-03-10,121.9
ORD-12297,CUST-1810,2024-10-22,221.59
ORD-12298,CUST-1810,2024-12-17,67.44
ORD-12299,CUST-1810,2025-05-02,50.53
ORD-12300,CUST-1811,2024-12-29,197.57
ORD-12301,CUST-1811,2025-01-05,45.96
ORD-12302,CUST-1811,2025-01-11,38.47
ORD-12303,CUST-1811,2025-02-19,169.59
ORD-12304,CUST-1811,2025-05-19,21.37
ORD-12305,CUST-1812,2024-10-21,54.5
ORD-12306,CUST-1812,2024-10-31,183.46
ORD-12307,CUST-1812,2024-12-02,98.7
ORD-12308,CUST-1812,2024-12-27,13.74
ORD-12309,CUST-1812,2025-01-05,57.06
ORD-12310,CUST-1812,2025-03-03,38.99
ORD-12311,CUST-1813,2024-05-03,15.31
ORD-12312,CUST-1813,2024-06-22,31.07
ORD-12313,CUST-1813,2024-07-13,108.26
ORD-12314,CUST-1813,2024-08-04,30.53
ORD-12315,CUST-1813,2024-08-17,109.42
ORD-12316,CUST-1814,2024-04-28,33.86
ORD-12317,CUST-1814,2024-05-10,34.69
ORD-12318,CUST-1814,2024-05-31,60.46
ORD-12319,CUST-1814,2024-07-24,43.69
ORD-12320,CUST-1815,2024-08-04,14.06
ORD-12321,CUST-1816,2024-03-29,59.14
ORD-12322,CUST-1816,2024-05-08,62.74
ORD-12323,CUST-1816,2024-06-19,205.56
ORD-12324,CUST-1816,2024-10-06,148.04
ORD-12325,CUST-1816,2024-12-22,199.2
ORD-12326,CUST-1816,2024-12-31,32.52
ORD-12327,CUST-1816,2025-02-04,134.33
ORD-12328,CUST-1817,2024-05-20,32.5
ORD-12329,CUST-1817,2024-06-13,92.59
ORD-12330,CUST-1817,2024-07-08,65.17
ORD-12331,CUST-1818,2024-03-13,197.91
ORD-12332,CUST-1818,2024-05-20,27.66
ORD-12333,CUST-1818,2024-06-12,120.34
ORD-12334,CUST-1818,2024-08-09,106.85
ORD-12335,CUST-1818,2024-09-09,94.43
ORD-12336,CUST-1818,2024-10-05,27.93
ORD-12337,CUST-1819,2025-02-03,103.24
ORD-12338,CUST-1819,2025-05-08,80.96
ORD-12339,CUST-1819,2025-08-08,20.25
ORD-12340,CUST-1819,2025-09-01,148.41
ORD-12341,CUST-1819,2025-09-16,17.8
ORD-12342,CUST-1819,2025-11-29,129.81
ORD-12343,CUST-1820,2024-07-21,61.76
ORD-12344,CUST-1820,2024-10-07,114.36
ORD-12345,CUST-1820,2024-11-20,111.15
ORD-12346,CUST-1820,2024-12-04,15.84
ORD-12347,CUST-1820,2025-03-12,17.61
ORD-12348,CUST-1821,2024-04-30,68.59
ORD-12349,CUST-1821,2024-05-26,62.25
ORD-12350,CUST-1821,2024-09-02,170.84
ORD-12351,CUST-1822,2024-01-04,52.62
ORD-12352,CUST-1822,2024-02-08,13.98
ORD-12353,CUST-1822,2024-04-05,35.13
ORD-12354,CUST-1822,2024-05-16,35.77
ORD-12355,CUST-1822,2024-05-29,46.49
ORD-12356,CUST-1822,2024-06-14,62.24
ORD-12357,CUST-1823,2024-07-06,17.28
ORD-12358,CUST-1823,2024-08-21,32.46
ORD-12359,CUST-1823,2024-09-28,59.87
ORD-12360,CUST-1824,2024-11-27,125.01
ORD-12361,CUST-1824,2024-12-11,91.01
ORD-12362,CUST-1824,2024-12-31,35.45
ORD-12363,CUST-1824,2025-01-20,96.55
ORD-12364,CUST-1824,2025-02-05,12.56
ORD-12365,CUST-1824,2025-04-07,24.7
ORD-12366,CUST-1825,2024-01-18,241.68
ORD-12367,CUST-1826,2024-06-28,76.47
ORD-12368,CUST-1827,2024-06-01,145.75
ORD-12369,CUST-1828,2024-10-21,55.89
ORD-12370,CUST-1829,2025-01-02,122.24
ORD-12371,CUST-1829,2025-06-29,150.45
ORD-12372,CUST-1829,2025-07-18,19.78
ORD-12373,CUST-1829,2025-07-28,34.87
ORD-12374,CUST-1829,2025-09-13,118.53
ORD-12375,CUST-1829,2025-12-30,76.04
ORD-12376,CUST-1829,2026-01-04,25.9
ORD-12377,CUST-1830,2024-05-19,25.33
ORD-12378,CUST-1831,2024-08-10,184.45
ORD-12379,CUST-1831,2024-09-05,53.0
ORD-12380,CUST-1831,2024-09-14,73.54
ORD-12381,CUST-1831,2024-10-04,23.86
ORD-12382,CUST-1831,2024-11-13,61.9
ORD-12383,CUST-1832,2024-05-08,73.77
ORD-12384,CUST-1832,2024-09-15,84.91
ORD-12385,CUST-1832,2024-09-23,52.63
ORD-12386,CUST-1832,2025-01-05,18.95
ORD-12387,CUST-1832,2025-07-31,206.02
ORD-12388,CUST-1833,2024-08-25,25.94
ORD-12389,CUST-1833,2024-09-18,40.3
ORD-12390,CUST-1833,2024-10-21,38.93
ORD-12391,CUST-1833,2024-10-31,22.73
ORD-12392,CUST-1833,2024-11-06,53.8
ORD-12393,CUST-1833,2025-03-30,20.49
ORD-12394,CUST-1834,2024-08-22,128.75
ORD-12395,CUST-1834,2024-08-30,88.77
ORD-12396,CUST-1834,2024-10-08,43.48
ORD-12397,CUST-1834,2024-10-31,75.54
ORD-12398,CUST-1834,2025-02-12,57.06
ORD-12399,CUST-1835,2024-01-21,43.59
ORD-12400,CUST-1836,2024-04-19,64.06
ORD-12401,CUST-1836,2024-05-01,21.85
ORD-12402,CUST-1837,2024-02-21,99.81
ORD-12403,CUST-1837,2024-03-19,32.33
ORD-12404,CUST-1837,2024-04-14,57.26
ORD-12405,CUST-1837,2024-05-07,30.5
ORD-12406,CUST-1838,2024-01-18,81.43
ORD-12407,CUST-1839,2024-12-27,19.66
ORD-12408,CUST-1839,2025-07-02,140.41
ORD-12409,CUST-1839,2025-08-28,194.03
ORD-12410,CUST-1839,2025-10-29,26.23
ORD-12411,CUST-1840,2024-06-03,38.56
ORD-12412,CUST-1841,2024-10-05,19.76
ORD-12413,CUST-1841,2024-11-28,34.41
ORD-12414,CUST-1842,2024-01-09,55.46
ORD-12415,CUST-1843,2024-05-30,85.01
ORD-12416,CUST-1844,2024-04-09,29.06
ORD-12417,CUST-1844,2024-05-16,66.26
ORD-12418,CUST-1844,2024-09-28,26.65
ORD-12419,CUST-1845,2024-05-02,101.22
ORD-12420,CUST-1845,2024-05-09,28.59
ORD-12421,CUST-1845,2024-07-08,111.71
ORD-12422,CUST-1846,2025-01-14,17.13
ORD-12423,CUST-1846,2025-02-19,38.43
ORD-12424,CUST-1846,2025-03-27,14.08
ORD-12425,CUST-1847,2024-11-30,234.65
ORD-12426,CUST-1847,2024-12-30,44.99
ORD-12427,CUST-1847,2025-03-29,48.69
ORD-12428,CUST-1847,2025-05-09,29.57
ORD-12429,CUST-1848,2024-01-02,51.47
ORD-12430,CUST-1848,2024-01-26,65.12
ORD-12431,CUST-1848,2024-02-09,140.14
ORD-12432,CUST-1848,2024-02-27,29.19
ORD-12433,CUST-1848,2024-04-01,57.41
ORD-12434,CUST-1848,2024-04-16,33.12
ORD-12435,CUST-1849,2024-03-15,21.23
ORD-12436,CUST-1849,2024-03-26,102.13
ORD-12437,CUST-1849,2024-04-28,111.79
ORD-12438,CUST-1849,2024-07-03,72.81
ORD-12439,CUST-1849,2024-08-29,13.7
ORD-12440,CUST-1849,2024-09-19,78.52
ORD-12441,CUST-1849,2024-09-24,14.68
ORD-12442,CUST-1850,2025-01-08,40.02
ORD-12443,CUST-1850,2025-01-18,56.5
ORD-12444,CUST-1850,2025-03-29,28.79
ORD-12445,CUST-1850,2025-04-17,30.57
ORD-12446,CUST-1851,2025-01-23,204.02
ORD-12447,CUST-1851,2025-05-05,28.2
ORD-12448,CUST-1852,2024-06-17,115.14
ORD-12449,CUST-1852,2024-07-20,62.63
ORD-12450,CUST-1852,2025-03-21,45.61
ORD-12451,CUST-1852,2025-05-07,42.04
ORD-12452,CUST-1853,2024-07-19,13.81
ORD-12453,CUST-1853,2024-08-06,59.86
ORD-12454,CUST-1853,2024-08-11,32.47
ORD-12455,CUST-1853,2024-09-17,67.84
ORD-12456,CUST-1854,2024-09-27,65.85
ORD-12457,CUST-1854,2024-12-11,99.76
ORD-12458,CUST-1854,2025-01-29,291.76
ORD-12459,CUST-1854,2025-03-09,20.3
ORD-12460,CUST-1855,2024-07-03,41.96
ORD-12461,CUST-1855,2024-07-27,78.26
ORD-12462,CUST-1855,2024-10-02,86.26
ORD-12463,CUST-1856,2025-02-02,20.72
ORD-12464,CUST-1856,2025-02-07,155.98
ORD-12465,CUST-1856,2025-02-24,97.53
ORD-12466,CUST-1856,2025-05-14,139.83
ORD-12467,CUST-1856,2025-12-20,35.13
ORD-12468,CUST-1856,2026-02-18,20.47
ORD-12469,CUST-1856,2026-03-18,134.94
ORD-12470,CUST-1857,2024-08-17,141.72
ORD-12471,CUST-1857,2024-09-20,17.82
ORD-12472,CUST-1857,2024-10-31,38.73
ORD-12473,CUST-1858,2024-06-20,26.8
ORD-12474,CUST-1858,2024-10-11,24.97
ORD-12475,CUST-1858,2024-10-31,59.78
ORD-12476,CUST-1858,2024-11-18,27.81
ORD-12477,CUST-1859,2024-05-28,95.4
ORD-12478,CUST-1860,2024-09-26,156.74
ORD-12479,CUST-1860,2024-12-13,25.72
ORD-12480,CUST-1860,2025-01-02,94.56
ORD-12481,CUST-1861,2024-01-10,42.84
ORD-12482,CUST-1861,2024-01-22,65.63
ORD-12483,CUST-1861,2024-05-18,44.79
ORD-12484,CUST-1861,2024-08-14,12.52
ORD-12485,CUST-1861,2024-08-27,14.51
ORD-12486,CUST-1861,2024-09-18,167.72
ORD-12487,CUST-1862,2024-01-12,49.49
ORD-12488,CUST-1862,2024-01-31,145.07
ORD-12489,CUST-1862,2024-03-17,74.39
ORD-12490,CUST-1863,2024-11-25,19.57
ORD-12491,CUST-1863,2024-12-11,12.7
ORD-12492,CUST-1863,2025-01-01,19.97
ORD-12493,CUST-1864,2024-09-21,34.7
ORD-12494,CUST-1864,2024-10-09,38.62
ORD-12495,CUST-1864,2024-10-28,59.06
ORD-12496,CUST-1864,2024-11-28,59.19
ORD-12497,CUST-1865,2024-03-07,40.45
ORD-12498,CUST-1866,2024-07-15,66.67
ORD-12499,CUST-1866,2024-09-14,20.05
ORD-12500,CUST-1866,2024-11-20,21.99
ORD-12501,CUST-1866,2024-11-28,255.15
ORD-12502,CUST-1866,2025-04-23,16.55
ORD-12503,CUST-1867,2024-05-21,72.6
ORD-12504,CUST-1867,2024-06-11,168.89
ORD-12505,CUST-1867,2024-09-15,65.6
ORD-12506,CUST-1868,2024-11-22,51.4
ORD-12507,CUST-1869,2024-05-29,38.81
ORD-12508,CUST-1869,2024-06-11,73.25
ORD-12509,CUST-1869,2024-07-15,143.0
ORD-12510,CUST-1869,2024-07-21,79.61
ORD-12511,CUST-1869,2024-09-28,105.12
ORD-12512,CUST-1869,2025-01-08,97.37
ORD-12513,CUST-1870,2024-01-03,30.35
ORD-12514,CUST-1871,2024-01-12,168.52
ORD-12515,CUST-1872,2025-01-28,149.15
ORD-12516,CUST-1872,2025-05-14,82.48
ORD-12517,CUST-1872,2025-06-07,158.17
ORD-12518,CUST-1872,2025-06-27,66.27
ORD-12519,CUST-1872,2025-07-06,178.28
ORD-12520,CUST-1873,2024-04-02,12.56
ORD-12521,CUST-1873,2024-06-09,286.39
ORD-12522,CUST-1874,2024-05-06,31.91
ORD-12523,CUST-1874,2024-05-12,69.38
ORD-12524,CUST-1874,2024-05-28,22.92
ORD-12525,CUST-1874,2024-07-19,86.81
ORD-12526,CUST-1874,2024-09-24,58.02
ORD-12527,CUST-1874,2025-01-08,191.53
ORD-12528,CUST-1875,2024-06-25,16.3
ORD-12529,CUST-1875,2024-12-19,70.21
ORD-12530,CUST-1875,2025-01-29,81.82
ORD-12531,CUST-1876,2024-10-29,29.24
ORD-12532,CUST-1876,2024-11-14,23.94
ORD-12533,CUST-1877,2025-01-23,74.98
ORD-12534,CUST-1877,2025-07-26,39.29
ORD-12535,CUST-1877,2025-09-23,28.87
ORD-12536,CUST-1877,2025-10-11,59.12
ORD-12537,CUST-1877,2025-11-02,24.43
ORD-12538,CUST-1878,2024-02-07,24.74
ORD-12539,CUST-1879,2024-04-09,156.37
ORD-12540,CUST-1879,2024-06-10,17.42
ORD-12541,CUST-1880,2024-01-06,20.75
ORD-12542,CUST-1880,2024-02-27,66.93
ORD-12543,CUST-1880,2024-04-08,14.6
ORD-12544,CUST-1880,2024-05-11,180.54
ORD-12545,CUST-1880,2024-06-07,76.24
ORD-12546,CUST-1880,2024-08-19,112.09
ORD-12547,CUST-1880,2024-09-25,139.35
ORD-12548,CUST-1881,2024-11-14,47.58
ORD-12549,CUST-1881,2024-11-30,29.64
ORD-12550,CUST-1882,2024-06-16,39.96
ORD-12551,CUST-1882,2024-07-22,52.27
ORD-12552,CUST-1882,2024-08-28,22.3
ORD-12553,CUST-1882,2024-10-04,30.55
ORD-12554,CUST-1882,2024-10-18,16.86
ORD-12555,CUST-1883,2024-07-16,135.44
ORD-12556,CUST-1883,2024-10-22,24.66
ORD-12557,CUST-1883,2024-11-02,77.2
ORD-12558,CUST-1883,2024-11-23,13.72
ORD-12559,CUST-1883,2025-03-06,29.23
ORD-12560,CUST-1883,2025-07-08,94.65
ORD-12561,CUST-1884,2024-07-27,24.78
ORD-12562,CUST-1885,2024-03-23,113.5
ORD-12563,CUST-1886,2024-02-17,67.42
ORD-12564,CUST-1886,2024-06-07,112.13
ORD-12565,CUST-1887,2024-09-28,96.44
ORD-12566,CUST-1888,2024-08-06,92.25
ORD-12567,CUST-1889,2024-07-24,38.59
ORD-12568,CUST-1890,2024-03-26,54.45
ORD-12569,CUST-1890,2024-04-17,32.66
ORD-12570,CUST-1890,2024-09-22,23.84
ORD-12571,CUST-1890,2024-12-05,281.96
ORD-12572,CUST-1890,2024-12-10,90.55
ORD-12573,CUST-1890,2024-12-28,15.19
ORD-12574,CUST-1891,2024-08-23,57.74
ORD-12575,CUST-1892,2025-01-11,125.09
ORD-12576,CUST-1892,2025-01-17,53.9
ORD-12577,CUST-1893,2024-06-21,264.43
ORD-12578,CUST-1894,2024-05-29,181.33
ORD-12579,CUST-1894,2024-08-21,20.0
ORD-12580,CUST-1894,2024-08-31,48.8
ORD-12581,CUST-1894,2024-09-09,75.24
ORD-12582,CUST-1894,2024-09-20,60.53
ORD-12583,CUST-1895,2025-01-26,147.2
ORD-12584,CUST-1896,2025-02-03,31.95
ORD-12585,CUST-1896,2025-04-06,167.61
ORD-12586,CUST-1896,2025-04-23,167.77
ORD-12587,CUST-1897,2024-10-10,61.87
ORD-12588,CUST-1897,2024-11-13,28.94
ORD-12589,CUST-1898,2025-01-17,14.39
ORD-12590,CUST-1899,2024-07-15,146.36
ORD-12591,CUST-1900,2024-11-10,31.2
ORD-12592,CUST-1900,2024-12-09,40.55
ORD-12593,CUST-1901,2024-10-08,165.56
ORD-12594,CUST-1902,2024-11-24,49.67
ORD-12595,CUST-1902,2024-12-02,112.77
ORD-12596,CUST-1902,2024-12-28,19.37
ORD-12597,CUST-1902,2025-02-16,150.39
ORD-12598,CUST-1902,2025-05-30,218.04
ORD-12599,CUST-1903,2024-05-26,72.31
ORD-12600,CUST-1904,2025-02-03,56.72
ORD-12601,CUST-1904,2025-02-16,59.28
ORD-12602,CUST-1905,2025-01-25,144.28
ORD-12603,CUST-1905,2025-05-10,153.87
ORD-12604,CUST-1905,2025-06-19,80.07
ORD-12605,CUST-1905,2025-07-29,15.92
ORD-12606,CUST-1905,2025-10-03,58.25
ORD-12607,CUST-1905,2025-11-23,57.9
ORD-12608,CUST-1906,2024-03-04,26.65
ORD-12609,CUST-1907,2024-08-24,73.73
ORD-12610,CUST-1908,2024-06-16,65.76
ORD-12611,CUST-1908,2024-06-30,51.15
ORD-12612,CUST-1908,2024-08-15,38.28
ORD-12613,CUST-1908,2024-10-27,131.8
ORD-12614,CUST-1908,2024-11-18,131.07
ORD-12615,CUST-1908,2024-11-27,130.7
ORD-12616,CUST-1909,2024-12-29,41.83
ORD-12617,CUST-1910,2024-10-13,45.08
ORD-12618,CUST-1910,2024-12-07,54.5
ORD-12619,CUST-1910,2025-07-28,97.34
ORD-12620,CUST-1910,2025-12-17,129.61
ORD-12621,CUST-1910,2026-04-05,121.98
ORD-12622,CUST-1910,2026-05-07,31.35
ORD-12623,CUST-1911,2024-07-29,249.81
ORD-12624,CUST-1912,2024-05-24,116.63
ORD-12625,CUST-1913,2024-01-21,55.92
ORD-12626,CUST-1913,2024-02-14,31.33
ORD-12627,CUST-1913,2024-04-12,107.88
ORD-12628,CUST-1913,2024-04-29,15.8
ORD-12629,CUST-1913,2024-07-27,13.15
ORD-12630,CUST-1914,2024-04-04,22.13
ORD-12631,CUST-1914,2024-05-21,24.34
ORD-12632,CUST-1915,2024-01-15,14.24
ORD-12633,CUST-1916,2024-06-30,59.25
ORD-12634,CUST-1917,2024-08-10,38.24
ORD-12635,CUST-1918,2024-06-14,106.42
ORD-12636,CUST-1918,2024-07-28,17.29
ORD-12637,CUST-1918,2024-11-10,14.53
ORD-12638,CUST-1918,2025-01-16,104.94
ORD-12639,CUST-1918,2025-06-07,16.12
ORD-12640,CUST-1918,2025-07-22,48.79
ORD-12641,CUST-1918,2025-08-14,18.65
ORD-12642,CUST-1918,2025-09-25,54.89
ORD-12643,CUST-1919,2024-06-23,45.91
ORD-12644,CUST-1919,2024-08-05,69.41
ORD-12645,CUST-1919,2024-10-11,58.85
ORD-12646,CUST-1919,2024-10-20,139.51
ORD-12647,CUST-1919,2024-11-10,243.3
ORD-12648,CUST-1919,2024-11-20,218.95
ORD-12649,CUST-1919,2024-11-29,29.58
ORD-12650,CUST-1920,2024-12-28,162.8
ORD-12651,CUST-1920,2025-06-19,163.37
ORD-12652,CUST-1920,2025-06-30,125.32
ORD-12653,CUST-1920,2025-07-28,317.27
ORD-12654,CUST-1920,2025-08-30,64.96
ORD-12655,CUST-1920,2025-10-07,37.73
ORD-12656,CUST-1920,2025-10-15,159.4
ORD-12657,CUST-1921,2024-04-11,140.17
ORD-12658,CUST-1921,2024-06-09,64.08
ORD-12659,CUST-1922,2024-03-24,82.87
ORD-12660,CUST-1923,2024-05-19,44.58
ORD-12661,CUST-1923,2024-06-25,184.5
ORD-12662,CUST-1923,2024-10-01,21.89
ORD-12663,CUST-1923,2024-10-14,41.27
ORD-12664,CUST-1923,2024-11-03,74.5
ORD-12665,CUST-1923,2025-02-20,225.56
ORD-12666,CUST-1923,2025-04-13,130.87
ORD-12667,CUST-1924,2024-10-23,28.64
ORD-12668,CUST-1925,2024-10-27,32.56
ORD-12669,CUST-1925,2024-12-09,158.57
ORD-12670,CUST-1926,2024-12-22,134.82
ORD-12671,CUST-1927,2024-08-13,53.83
ORD-12672,CUST-1927,2024-08-20,151.44
ORD-12673,CUST-1927,2024-09-20,70.29
ORD-12674,CUST-1927,2024-10-01,12.72
ORD-12675,CUST-1927,2024-10-18,91.76
ORD-12676,CUST-1927,2024-10-27,168.22
ORD-12677,CUST-1927,2024-11-11,27.38
ORD-12678,CUST-1927,2024-11-25,13.42
ORD-12679,CUST-1928,2025-01-16,30.97
ORD-12680,CUST-1928,2025-03-21,50.12
ORD-12681,CUST-1928,2025-04-10,52.06
ORD-12682,CUST-1929,2025-01-17,26.44
ORD-12683,CUST-1929,2025-04-28,120.27
ORD-12684,CUST-1930,2025-01-27,19.08
ORD-12685,CUST-1930,2025-03-13,76.51
ORD-12686,CUST-1930,2025-04-21,83.04
ORD-12687,CUST-1930,2025-05-01,65.13
ORD-12688,CUST-1931,2024-03-19,13.23
ORD-12689,CUST-1931,2024-04-05,86.32
ORD-12690,CUST-1931,2024-04-21,58.74
ORD-12691,CUST-1932,2024-09-10,41.93
ORD-12692,CUST-1932,2024-12-10,104.34
ORD-12693,CUST-1932,2025-01-26,41.94
ORD-12694,CUST-1933,2024-11-06,29.4
ORD-12695,CUST-1933,2024-12-14,51.54
ORD-12696,CUST-1933,2025-01-26,148.79
ORD-12697,CUST-1934,2024-06-19,73.07
ORD-12698,CUST-1935,2024-10-27,39.42
ORD-12699,CUST-1935,2024-12-26,15.69
ORD-12700,CUST-1936,2024-08-26,54.07
ORD-12701,CUST-1936,2024-10-23,49.46
ORD-12702,CUST-1936,2024-11-07,28.15
ORD-12703,CUST-1936,2024-11-12,35.77
ORD-12704,CUST-1936,2025-01-18,115.24
ORD-12705,CUST-1937,2024-01-04,94.35
ORD-12706,CUST-1937,2024-01-28,112.91
ORD-12707,CUST-1937,2024-02-20,123.72
ORD-12708,CUST-1937,2024-03-02,24.88
ORD-12709,CUST-1937,2024-03-25,46.63
ORD-12710,CUST-1938,2025-01-11,291.45
ORD-12711,CUST-1938,2025-01-20,34.88
ORD-12712,CUST-1938,2025-02-14,109.86
ORD-12713,CUST-1939,2024-06-20,56.78
ORD-12714,CUST-1939,2024-06-27,213.55
ORD-12715,CUST-1939,2024-07-08,90.21
ORD-12716,CUST-1939,2024-08-13,14.19
ORD-12717,CUST-1939,2024-12-12,136.61
ORD-12718,CUST-1939,2025-01-19,29.4
ORD-12719,CUST-1939,2025-01-29,41.85
ORD-12720,CUST-1940,2024-02-21,138.16
ORD-12721,CUST-1940,2024-04-05,155.44
ORD-12722,CUST-1940,2024-08-13,16.08
ORD-12723,CUST-1940,2024-09-18,43.05
ORD-12724,CUST-1940,2024-11-06,115.06
ORD-12725,CUST-1940,2024-11-25,65.39
ORD-12726,CUST-1940,2025-01-24,21.88
ORD-12727,CUST-1940,2025-04-14,73.06
ORD-12728,CUST-1941,2024-07-21,18.33
ORD-12729,CUST-1942,2024-01-27,75.76
ORD-12730,CUST-1942,2024-03-11,33.93
ORD-12731,CUST-1943,2024-02-10,187.39
ORD-12732,CUST-1944,2024-07-24,89.59
ORD-12733,CUST-1945,2024-12-08,18.77
ORD-12734,CUST-1946,2024-01-27,28.31
ORD-12735,CUST-1947,2024-11-11,81.91
ORD-12736,CUST-1948,2024-09-17,27.2
ORD-12737,CUST-1948,2024-12-30,139.86
ORD-12738,CUST-1948,2025-01-07,19.81
ORD-12739,CUST-1948,2025-02-11,73.58
ORD-12740,CUST-1949,2024-10-27,28.21
ORD-12741,CUST-1949,2025-01-20,47.94
ORD-12742,CUST-1950,2024-12-27,26.85
ORD-12743,CUST-1950,2025-01-02,13.83
ORD-12744,CUST-1950,2025-02-19,82.94
ORD-12745,CUST-1950,2025-03-12,37.57
ORD-12746,CUST-1950,2025-04-04,86.6
ORD-12747,CUST-1951,2024-02-02,147.63
ORD-12748,CUST-1951,2024-05-05,46.09
ORD-12749,CUST-1951,2024-07-03,65.43
ORD-12750,CUST-1951,2024-10-02,37.1
ORD-12751,CUST-1952,2024-08-18,82.15
ORD-12752,CUST-1952,2024-09-01,44.71
ORD-12753,CUST-1952,2025-01-15,30.91
ORD-12754,CUST-1953,2024-04-29,28.14
ORD-12755,CUST-1953,2024-05-05,15.36
ORD-12756,CUST-1953,2024-08-09,86.24
ORD-12757,CUST-1953,2024-10-01,74.48
ORD-12758,CUST-1953,2024-12-30,55.04
ORD-12759,CUST-1953,2025-04-05,41.45
ORD-12760,CUST-1953,2025-08-05,90.47
ORD-12761,CUST-1953,2025-08-23,66.47
ORD-12762,CUST-1954,2024-01-21,205.5
ORD-12763,CUST-1955,2025-01-04,84.64
ORD-12764,CUST-1955,2025-05-09,45.47
ORD-12765,CUST-1955,2025-09-28,91.36
ORD-12766,CUST-1955,2025-10-04,166.8
ORD-12767,CUST-1955,2025-11-07,52.59
ORD-12768,CUST-1955,2025-12-19,23.02
ORD-12769,CUST-1956,2024-04-19,12.66
ORD-12770,CUST-1957,2024-10-12,15.17
ORD-12771,CUST-1957,2024-11-07,46.39
ORD-12772,CUST-1957,2024-11-20,14.02
ORD-12773,CUST-1957,2024-12-01,81.6
ORD-12774,CUST-1957,2025-02-16,301.1
ORD-12775,CUST-1957,2025-03-12,71.96
ORD-12776,CUST-1957,2025-07-19,24.38
ORD-12777,CUST-1957,2025-09-18,103.92
ORD-12778,CUST-1957,2025-09-27,140.88
ORD-12779,CUST-1957,2025-12-16,14.71
ORD-12780,CUST-1958,2024-07-22,61.9
ORD-12781,CUST-1959,2024-04-30,61.73
ORD-12782,CUST-1960,2024-11-23,373.8
ORD-12783,CUST-1961,2024-12-27,65.86
ORD-12784,CUST-1961,2025-01-27,80.12
ORD-12785,CUST-1962,2024-07-07,37.05
ORD-12786,CUST-1963,2024-11-11,61.9
ORD-12787,CUST-1963,2024-12-01,81.82
ORD-12788,CUST-1963,2025-01-21,27.78
ORD-12789,CUST-1963,2025-01-27,49.45
ORD-12790,CUST-1963,2025-03-10,148.5
ORD-12791,CUST-1963,2025-07-11,61.41
ORD-12792,CUST-1963,2025-09-17,50.11
ORD-12793,CUST-1964,2024-01-08,95.82
ORD-12794,CUST-1965,2024-04-25,37.95
ORD-12795,CUST-1965,2024-06-20,66.34
ORD-12796,CUST-1966,2024-11-04,13.83
ORD-12797,CUST-1966,2024-12-28,53.68
ORD-12798,CUST-1966,2025-01-21,141.42
ORD-12799,CUST-1966,2025-04-22,13.97
ORD-12800,CUST-1966,2025-06-08,42.31
ORD-12801,CUST-1967,2024-05-09,129.54
ORD-12802,CUST-1967,2024-07-17,38.44
ORD-12803,CUST-1967,2024-08-25,16.64
ORD-12804,CUST-1967,2024-09-09,55.74
ORD-12805,CUST-1967,2024-09-18,132.99
ORD-12806,CUST-1968,2024-10-16,165.82
ORD-12807,CUST-1968,2024-12-31,69.48
ORD-12808,CUST-1968,2025-02-24,313.09
ORD-12809,CUST-1968,2025-03-05,84.02
ORD-12810,CUST-1968,2025-03-24,78.92
ORD-12811,CUST-1968,2025-05-10,23.33
ORD-12812,CUST-1969,2024-07-14,196.62
ORD-12813,CUST-1969,2024-07-30,44.59
ORD-12814,CUST-1969,2024-09-14,104.01
ORD-12815,CUST-1970,2024-06-02,22.42
ORD-12816,CUST-1970,2024-08-01,82.84
ORD-12817,CUST-1971,2024-01-27,45.86
ORD-12818,CUST-1971,2024-04-06,172.87
ORD-12819,CUST-1971,2024-05-05,48.31
ORD-12820,CUST-1971,2024-07-03,198.45
ORD-12821,CUST-1972,2024-07-23,61.45
ORD-12822,CUST-1972,2024-10-30,52.85
ORD-12823,CUST-1972,2024-11-18,29.57
ORD-12824,CUST-1972,2025-02-24,24.69
ORD-12825,CUST-1973,2024-05-20,41.62
ORD-12826,CUST-1974,2024-05-30,159.49
ORD-12827,CUST-1974,2024-06-18,33.23
ORD-12828,CUST-1974,2024-07-09,74.09
ORD-12829,CUST-1974,2024-08-08,96.83
ORD-12830,CUST-1974,2024-11-22,85.4
ORD-12831,CUST-1975,2024-08-13,20.35
ORD-12832,CUST-1975,2024-08-24,35.69
ORD-12833,CUST-1976,2024-12-17,26.98
ORD-12834,CUST-1976,2025-05-03,39.74
ORD-12835,CUST-1976,2025-06-03,92.32
ORD-12836,CUST-1976,2025-07-17,37.37
ORD-12837,CUST-1976,2025-08-27,97.78
ORD-12838,CUST-1977,2024-09-22,28.16
ORD-12839,CUST-1978,2024-01-10,15.91
ORD-12840,CUST-1979,2024-02-13,58.72
ORD-12841,CUST-1980,2024-01-19,201.25
ORD-12842,CUST-1980,2024-02-09,50.49
ORD-12843,CUST-1980,2024-02-19,130.38
ORD-12844,CUST-1980,2024-02-25,129.22
ORD-12845,CUST-1980,2024-03-07,153.97
ORD-12846,CUST-1980,2024-05-09,24.2
ORD-12847,CUST-1980,2024-06-20,36.87
ORD-12848,CUST-1980,2024-07-03,139.92
ORD-12849,CUST-1981,2024-06-02,145.93
ORD-12850,CUST-1982,2024-01-02,33.3
ORD-12851,CUST-1982,2024-02-16,116.88
ORD-12852,CUST-1982,2024-02-27,20.11
ORD-12853,CUST-1982,2024-06-25,102.91
ORD-12854,CUST-1983,2025-01-27,40.45
ORD-12855,CUST-1983,2025-05-26,188.16
ORD-12856,CUST-1983,2025-06-12,116.54
ORD-12857,CUST-1983,2025-07-12,174.69
ORD-12858,CUST-1983,2025-08-12,101.14
ORD-12859,CUST-1984,2024-06-19,104.05
ORD-12860,CUST-1985,2024-11-23,311.14
ORD-12861,CUST-1985,2024-12-21,13.22
ORD-12862,CUST-1986,2024-02-28,51.66
ORD-12863,CUST-1986,2024-06-07,48.04
ORD-12864,CUST-1986,2024-09-02,70.49
ORD-12865,CUST-1986,2024-09-16,69.06
ORD-12866,CUST-1986,2024-10-22,45.56
ORD-12867,CUST-1986,2024-11-01,47.54
ORD-12868,CUST-1987,2025-01-05,43.12
ORD-12869,CUST-1988,2024-09-26,13.01
ORD-12870,CUST-1988,2024-10-30,26.42
ORD-12871,CUST-1988,2024-12-18,264.92
ORD-12872,CUST-1988,2025-01-20,123.06
ORD-12873,CUST-1988,2025-02-25,57.02
ORD-12874,CUST-1988,2025-06-29,155.95
ORD-12875,CUST-1989,2024-06-26,55.53
ORD-12876,CUST-1990,2024-12-10,24.95
ORD-12877,CUST-1991,2024-06-18,36.35
ORD-12878,CUST-1991,2024-10-06,144.79
ORD-12879,CUST-1992,2024-09-25,14.62
ORD-12880,CUST-1993,2024-03-27,437.81
ORD-12881,CUST-1993,2024-04-26,91.4
ORD-12882,CUST-1994,2024-03-07,46.0
ORD-12883,CUST-1994,2024-03-30,45.8
ORD-12884,CUST-1994,2024-06-07,55.32
ORD-12885,CUST-1994,2024-10-16,35.1
ORD-12886,CUST-1994,2024-11-14,113.01
ORD-12887,CUST-1994,2024-12-24,63.98
ORD-12888,CUST-1995,2025-02-03,36.46
ORD-12889,CUST-1996,2024-05-14,15.29
ORD-12890,CUST-1996,2024-06-29,137.94
ORD-12891,CUST-1996,2024-07-25,100.07
ORD-12892,CUST-1996,2024-09-12,43.12
ORD-12893,CUST-1996,2024-09-23,92.81
ORD-12894,CUST-1997,2024-03-27,17.18
ORD-12895,CUST-1998,2024-12-26,21.26
ORD-12896,CUST-1998,2025-01-22,136.44
ORD-12897,CUST-1998,2025-05-13,58.39
ORD-12898,CUST-1998,2025-06-27,92.55
ORD-12899,CUST-1998,2025-09-20,20.92
ORD-12900,CUST-1999,2024-10-16,121.22
ORD-12901,CUST-1999,2024-12-11,73.19
ORD-12902,CUST-1999,2025-01-22,140.73
ORD-12903,CUST-1999,2025-04-14,20.98
ORD-12904,CUST-1999,2025-07-12,47.25
ORD-12905,CUST-1999,2025-07-30,145.0
ORD-12906,CUST-2000,2024-07-17,19.36
ORD-12907,CUST-2001,2024-04-24,111.36
ORD-12908,CUST-2002,2024-12-23,94.12
ORD-12909,CUST-2002,2025-02-11,83.35
ORD-12910,CUST-2002,2025-03-12,15.46
ORD-12911,CUST-2002,2025-05-25,86.3
ORD-12912,CUST-2003,2024-03-27,81.91
ORD-12913,CUST-2003,2024-04-22,130.2
ORD-12914,CUST-2003,2024-09-08,118.97
ORD-12915,CUST-2003,2024-10-04,113.54
ORD-12916,CUST-2003,2024-10-28,24.38
ORD-12917,CUST-2004,2024-03-23,240.04
ORD-12918,CUST-2005,2025-01-02,22.28
ORD-12919,CUST-2006,2024-01-20,20.48
ORD-12920,CUST-2007,2024-06-01,74.33
ORD-12921,CUST-2007,2024-07-19,55.22
ORD-12922,CUST-2007,2024-08-16,290.81
ORD-12923,CUST-2007,2024-11-06,49.61
ORD-12924,CUST-2007,2025-01-08,32.92
ORD-12925,CUST-2007,2025-01-17,40.74
ORD-12926,CUST-2007,2025-02-14,13.58
ORD-12927,CUST-2008,2024-03-10,155.79
ORD-12928,CUST-2009,2024-08-17,128.86
ORD-12929,CUST-2009,2024-10-13,13.89
ORD-12930,CUST-2009,2024-11-05,22.64
ORD-12931,CUST-2009,2024-11-21,165.84
ORD-12932,CUST-2009,2024-11-27,28.63
ORD-12933,CUST-2009,2024-12-18,74.86
ORD-12934,CUST-2009,2025-01-26,28.51
ORD-12935,CUST-2009,2025-02-08,30.07
ORD-12936,CUST-2010,2024-10-18,38.42
ORD-12937,CUST-2010,2024-12-09,33.82
ORD-12938,CUST-2011,2024-02-22,56.97
ORD-12939,CUST-2011,2024-03-03,40.06
ORD-12940,CUST-2011,2024-03-15,78.2
ORD-12941,CUST-2011,2024-08-01,384.57
ORD-12942,CUST-2011,2024-08-27,71.9
ORD-12943,CUST-2011,2024-11-27,20.62
ORD-12944,CUST-2012,2024-10-05,31.44
ORD-12945,CUST-2012,2024-10-26,20.89
ORD-12946,CUST-2013,2024-02-11,92.99
ORD-12947,CUST-2013,2024-02-26,36.32
ORD-12948,CUST-2013,2024-03-31,51.28
ORD-12949,CUST-2013,2024-05-30,75.98
ORD-12950,CUST-2013,2024-07-20,93.88
ORD-12951,CUST-2014,2025-01-28,121.85
ORD-12952,CUST-2015,2024-04-07,20.39
ORD-12953,CUST-2016,2024-10-04,20.21
ORD-12954,CUST-2016,2024-11-15,31.09
ORD-12955,CUST-2016,2024-12-15,77.84
ORD-12956,CUST-2016,2025-01-02,15.98
ORD-12957,CUST-2016,2025-01-07,13.96
ORD-12958,CUST-2016,2025-01-12,20.1
ORD-12959,CUST-2016,2025-01-29,28.75
ORD-12960,CUST-2017,2024-08-06,139.36
ORD-12961,CUST-2018,2024-09-23,145.52
ORD-12962,CUST-2018,2024-12-28,68.72
ORD-12963,CUST-2019,2025-01-31,25.63
ORD-12964,CUST-2020,2024-06-07,25.17
ORD-12965,CUST-2020,2024-07-02,42.89
ORD-12966,CUST-2021,2024-01-13,19.73
ORD-12967,CUST-2021,2024-06-17,196.31
ORD-12968,CUST-2022,2024-07-25,67.31
ORD-12969,CUST-2023,2024-05-15,191.13
ORD-12970,CUST-2023,2024-05-28,15.3
ORD-12971,CUST-2023,2024-06-29,117.51
ORD-12972,CUST-2023,2024-09-08,176.29
ORD-12973,CUST-2023,2024-10-17,19.35
ORD-12974,CUST-2023,2024-11-30,110.45
ORD-12975,CUST-2024,2024-08-25,154.07
ORD-12976,CUST-2025,2025-01-24,34.57
ORD-12977,CUST-2025,2025-05-08,150.72
ORD-12978,CUST-2025,2025-07-15,66.38
ORD-12979,CUST-2026,2024-11-19,193.73
ORD-12980,CUST-2026,2025-02-02,21.57
ORD-12981,CUST-2026,2025-02-10,13.87
ORD-12982,CUST-2026,2025-03-31,77.07
ORD-12983,CUST-2027,2024-09-06,126.02
ORD-12984,CUST-2028,2024-01-01,94.84
ORD-12985,CUST-2028,2024-01-11,30.67
ORD-12986,CUST-2028,2024-01-31,65.92
ORD-12987,CUST-2028,2024-02-27,85.49
ORD-12988,CUST-2028,2024-03-05,21.1
ORD-12989,CUST-2029,2024-01-27,159.44
ORD-12990,CUST-2030,2025-01-24,86.8
ORD-12991,CUST-2031,2025-01-05,72.6
ORD-12992,CUST-2031,2025-01-20,176.35
ORD-12993,CUST-2031,2025-05-15,306.74
ORD-12994,CUST-2031,2025-08-21,409.79
ORD-12995,CUST-2032,2024-12-14,12.77
ORD-12996,CUST-2032,2024-12-19,53.26
ORD-12997,CUST-2032,2025-01-05,88.59
ORD-12998,CUST-2032,2025-02-16,17.74
ORD-12999,CUST-2033,2024-11-12,47.47
ORD-13000,CUST-2034,2024-04-05,140.08
ORD-13001,CUST-2035,2024-01-20,89.55
ORD-13002,CUST-2035,2024-04-14,134.25
ORD-13003,CUST-2035,2024-06-09,212.66
ORD-13004,CUST-2035,2024-07-16,171.83
ORD-13005,CUST-2035,2024-12-22,134.59
ORD-13006,CUST-2036,2024-12-17,19.35
ORD-13007,CUST-2037,2024-09-06,23.69
ORD-13008,CUST-2037,2024-12-08,51.07
ORD-13009,CUST-2038,2024-07-31,19.87
ORD-13010,CUST-2038,2024-08-27,70.34
ORD-13011,CUST-2039,2024-03-03,221.75
ORD-13012,CUST-2039,2024-03-09,259.51
ORD-13013,CUST-2040,2024-04-06,109.08
ORD-13014,CUST-2040,2024-05-14,183.49
ORD-13015,CUST-2040,2024-06-13,145.02
ORD-13016,CUST-2040,2024-07-14,264.38
ORD-13017,CUST-2041,2024-09-06,17.4
ORD-13018,CUST-2041,2024-12-01,24.97
ORD-13019,CUST-2042,2024-10-26,66.63
ORD-13020,CUST-2042,2024-11-26,36.55
ORD-13021,CUST-2042,2025-01-01,39.38
ORD-13022,CUST-2042,2025-03-10,63.53
ORD-13023,CUST-2043,2024-05-23,133.43
ORD-13024,CUST-2043,2024-06-24,96.76
ORD-13025,CUST-2043,2024-07-03,45.27
ORD-13026,CUST-2043,2025-01-07,119.92
ORD-13027,CUST-2044,2024-09-17,104.45
ORD-13028,CUST-2045,2024-09-15,185.88
ORD-13029,CUST-2045,2024-10-15,38.67
ORD-13030,CUST-2045,2025-04-08,141.92
ORD-13031,CUST-2045,2025-04-30,53.01
ORD-13032,CUST-2045,2025-05-29,22.99
ORD-13033,CUST-2045,2025-10-23,46.17
ORD-13034,CUST-2046,2024-11-01,69.03
ORD-13035,CUST-2047,2024-01-30,34.66
ORD-13036,CUST-2048,2024-12-05,74.79
ORD-13037,CUST-2048,2024-12-19,25.18
ORD-13038,CUST-2048,2025-03-26,100.75
ORD-13039,CUST-2048,2025-05-18,46.45
ORD-13040,CUST-2049,2024-02-14,95.89
ORD-13041,CUST-2049,2024-03-04,123.98
ORD-13042,CUST-2049,2024-11-08,17.68
ORD-13043,CUST-2049,2024-12-11,117.79
ORD-13044,CUST-2049,2025-02-24,105.26
ORD-13045,CUST-2049,2025-03-20,51.82
ORD-13046,CUST-2050,2024-04-19,33.33
ORD-13047,CUST-2050,2024-04-29,20.37
ORD-13048,CUST-2050,2024-05-23,106.04
ORD-13049,CUST-2050,2024-07-09,19.54
ORD-13050,CUST-2050,2024-10-08,72.28
ORD-13051,CUST-2050,2025-03-07,84.6
ORD-13052,CUST-2051,2024-02-21,31.34
ORD-13053,CUST-2051,2024-03-22,55.94
ORD-13054,CUST-2052,2024-02-01,44.81
ORD-13055,CUST-2052,2024-02-13,43.24
ORD-13056,CUST-2053,2024-05-24,42.02
ORD-13057,CUST-2053,2024-09-01,15.1
ORD-13058,CUST-2053,2025-03-23,83.46
ORD-13059,CUST-2053,2025-05-18,15.02
ORD-13060,CUST-2053,2025-07-03,55.61
ORD-13061,CUST-2054,2024-01-30,93.89
ORD-13062,CUST-2054,2024-03-29,74.38
ORD-13063,CUST-2055,2024-11-18,23.96
ORD-13064,CUST-2055,2024-12-08,86.46
ORD-13065,CUST-2055,2024-12-30,114.72
ORD-13066,CUST-2055,2025-01-10,105.99
ORD-13067,CUST-2055,2025-01-18,13.32
ORD-13068,CUST-2056,2024-06-26,56.41
ORD-13069,CUST-2056,2024-08-21,19.46
ORD-13070,CUST-2056,2024-09-12,17.59
ORD-13071,CUST-2056,2024-09-20,26.67
ORD-13072,CUST-2056,2024-10-24,112.34
ORD-13073,CUST-2056,2024-11-27,39.06
ORD-13074,CUST-2057,2024-03-25,54.15
ORD-13075,CUST-2057,2024-09-01,108.54
ORD-13076,CUST-2057,2024-12-17,38.89
ORD-13077,CUST-2058,2024-12-08,182.86
ORD-13078,CUST-2059,2024-02-11,27.77
ORD-13079,CUST-2060,2024-11-25,272.65
ORD-13080,CUST-2060,2024-12-23,106.19
ORD-13081,CUST-2060,2025-01-01,109.99
ORD-13082,CUST-2060,2025-01-26,15.11
ORD-13083,CUST-2060,2025-02-20,73.81
ORD-13084,CUST-2060,2025-03-02,180.04
ORD-13085,CUST-2060,2025-03-10,185.36
ORD-13086,CUST-2061,2024-08-28,84.89
ORD-13087,CUST-2062,2024-04-26,18.02
ORD-13088,CUST-2062,2024-05-01,48.75
ORD-13089,CUST-2062,2024-05-29,302.13
ORD-13090,CUST-2062,2024-07-01,31.76
ORD-13091,CUST-2062,2024-10-13,56.4
ORD-13092,CUST-2063,2024-08-23,39.95
ORD-13093,CUST-2064,2024-09-02,86.5
ORD-13094,CUST-2064,2024-09-26,36.99
ORD-13095,CUST-2064,2024-11-21,28.28
ORD-13096,CUST-2064,2024-12-20,26.05
ORD-13097,CUST-2065,2024-11-12,112.02
ORD-13098,CUST-2065,2024-11-22,170.52
ORD-13099,CUST-2065,2024-12-06,74.2
ORD-13100,CUST-2065,2025-06-19,151.63
ORD-13101,CUST-2066,2024-03-16,57.62
ORD-13102,CUST-2067,2024-05-16,82.99
ORD-13103,CUST-2068,2024-03-18,81.89
ORD-13104,CUST-2068,2024-06-17,31.43
ORD-13105,CUST-2069,2024-11-05,39.25
ORD-13106,CUST-2069,2024-12-25,15.85
ORD-13107,CUST-2069,2025-02-10,23.27
ORD-13108,CUST-2069,2025-05-05,41.05
ORD-13109,CUST-2070,2024-04-23,170.3
ORD-13110,CUST-2070,2024-06-29,16.79
ORD-13111,CUST-2071,2024-03-23,104.11
ORD-13112,CUST-2071,2024-04-24,219.36
ORD-13113,CUST-2071,2024-05-12,87.12
ORD-13114,CUST-2071,2024-09-21,83.29
ORD-13115,CUST-2071,2024-12-27,126.72
ORD-13116,CUST-2072,2024-07-30,46.93
ORD-13117,CUST-2072,2024-08-18,444.37
ORD-13118,CUST-2072,2024-08-26,15.39
ORD-13119,CUST-2073,2024-02-10,20.24
ORD-13120,CUST-2073,2024-03-24,111.21
ORD-13121,CUST-2073,2024-04-18,260.28
ORD-13122,CUST-2073,2024-05-18,23.1
ORD-13123,CUST-2073,2024-06-20,86.37
ORD-13124,CUST-2074,2024-12-20,66.2
ORD-13125,CUST-2074,2025-01-07,213.91
ORD-13126,CUST-2074,2025-02-10,38.7
ORD-13127,CUST-2074,2025-02-24,30.72
ORD-13128,CUST-2075,2024-07-22,427.28
ORD-13129,CUST-2075,2024-09-18,36.47
ORD-13130,CUST-2075,2024-12-26,111.43
ORD-13131,CUST-2076,2024-07-06,48.46
ORD-13132,CUST-2076,2024-07-26,24.79
ORD-13133,CUST-2077,2024-02-24,64.6
ORD-13134,CUST-2077,2024-04-10,91.96
ORD-13135,CUST-2077,2024-06-05,34.98
ORD-13136,CUST-2078,2024-02-05,127.73
ORD-13137,CUST-2078,2024-05-06,28.63
ORD-13138,CUST-2078,2024-05-14,99.77
ORD-13139,CUST-2079,2024-03-31,114.85
ORD-13140,CUST-2080,2024-02-23,17.51
ORD-13141,CUST-2081,2024-03-15,81.66
ORD-13142,CUST-2081,2024-04-10,275.4
ORD-13143,CUST-2081,2024-06-03,216.35
ORD-13144,CUST-2081,2024-06-18,142.16
ORD-13145,CUST-2082,2025-01-29,48.5
ORD-13146,CUST-2082,2025-03-16,16.15
ORD-13147,CUST-2082,2025-06-12,80.4
ORD-13148,CUST-2082,2025-07-10,13.56
ORD-13149,CUST-2083,2024-09-03,26.12
ORD-13150,CUST-2084,2024-02-29,68.91
ORD-13151,CUST-2085,2024-06-19,202.03
ORD-13152,CUST-2085,2024-07-05,31.79
ORD-13153,CUST-2086,2024-09-21,74.23
ORD-13154,CUST-2086,2024-10-30,87.17
ORD-13155,CUST-2086,2024-12-19,151.04
ORD-13156,CUST-2086,2025-02-01,110.51
ORD-13157,CUST-2086,2025-02-18,86.2
ORD-13158,CUST-2087,2024-08-20,21.57
ORD-13159,CUST-2087,2025-01-25,120.93
ORD-13160,CUST-2088,2024-01-14,63.21
ORD-13161,CUST-2089,2024-04-15,27.7
ORD-13162,CUST-2089,2024-06-24,204.57
ORD-13163,CUST-2089,2024-08-24,151.12
ORD-13164,CUST-2089,2024-10-13,44.38
ORD-13165,CUST-2090,2024-10-05,50.01
ORD-13166,CUST-2091,2024-08-29,159.32
ORD-13167,CUST-2091,2024-12-02,156.22
ORD-13168,CUST-2091,2024-12-21,14.81
ORD-13169,CUST-2091,2025-01-08,33.74
ORD-13170,CUST-2091,2025-05-01,80.6
ORD-13171,CUST-2092,2024-09-09,98.92
ORD-13172,CUST-2093,2024-05-23,172.48
ORD-13173,CUST-2093,2024-07-05,99.61
ORD-13174,CUST-2094,2024-08-03,94.96
ORD-13175,CUST-2095,2024-06-13,24.27
ORD-13176,CUST-2095,2024-06-28,89.34
ORD-13177,CUST-2095,2024-10-23,45.12
ORD-13178,CUST-2095,2024-11-05,34.31
ORD-13179,CUST-2095,2024-12-07,34.82
ORD-13180,CUST-2095,2024-12-23,99.06
ORD-13181,CUST-2095,2024-12-28,62.87
ORD-13182,CUST-2096,2024-06-27,40.16
ORD-13183,CUST-2096,2024-09-21,104.84
ORD-13184,CUST-2097,2024-02-07,69.33
ORD-13185,CUST-2098,2024-11-01,101.44
ORD-13186,CUST-2099,2024-09-30,48.72
ORD-13187,CUST-2099,2024-11-14,98.59
ORD-13188,CUST-2099,2024-12-21,121.82
ORD-13189,CUST-2099,2025-02-21,74.56
ORD-13190,CUST-2099,2025-03-05,129.99
ORD-13191,CUST-2099,2025-07-11,22.07
ORD-13192,CUST-2100,2024-12-16,25.48
ORD-13193,CUST-2100,2025-03-02,52.19
ORD-13194,CUST-2101,2024-09-21,64.47
ORD-13195,CUST-2102,2024-10-24,93.39
ORD-13196,CUST-2103,2024-05-02,28.47
ORD-13197,CUST-2103,2024-05-24,76.86
ORD-13198,CUST-2103,2024-06-06,31.95
ORD-13199,CUST-2103,2024-07-09,29.75
ORD-13200,CUST-2103,2024-08-22,179.31
ORD-13201,CUST-2103,2024-10-28,83.86
ORD-13202,CUST-2103,2024-12-11,56.01
ORD-13203,CUST-2104,2024-03-11,42.73
ORD-13204,CUST-2104,2024-03-17,22.08
ORD-13205,CUST-2105,2024-12-15,28.1
ORD-13206,CUST-2105,2025-01-06,23.12
ORD-13207,CUST-2106,2024-10-14,73.92
ORD-13208,CUST-2106,2024-10-27,43.17
ORD-13209,CUST-2106,2024-11-29,47.84
ORD-13210,CUST-2106,2024-12-12,180.38
ORD-13211,CUST-2106,2025-02-19,55.17
ORD-13212,CUST-2106,2025-04-16,160.43
ORD-13213,CUST-2107,2025-01-28,51.94
ORD-13214,CUST-2107,2025-02-22,35.01
ORD-13215,CUST-2108,2024-10-05,16.03
ORD-13216,CUST-2108,2024-12-25,125.77
ORD-13217,CUST-2108,2025-01-11,37.92
ORD-13218,CUST-2108,2025-02-14,71.52
ORD-13219,CUST-2108,2025-03-06,70.85
ORD-13220,CUST-2108,2025-03-26,16.21
ORD-13221,CUST-2108,2025-03-31,19.43
ORD-13222,CUST-2108,2025-06-14,224.1
ORD-13223,CUST-2109,2024-09-01,188.45
ORD-13224,CUST-2109,2024-09-15,106.51
ORD-13225,CUST-2110,2024-05-20,24.89
ORD-13226,CUST-2111,2024-04-18,137.57
ORD-13227,CUST-2111,2024-05-31,51.95
ORD-13228,CUST-2111,2024-06-12,51.33
ORD-13229,CUST-2111,2024-07-01,198.89
ORD-13230,CUST-2112,2024-06-13,148.63
ORD-13231,CUST-2113,2024-11-16,76.17
ORD-13232,CUST-2114,2025-01-18,60.22
ORD-13233,CUST-2115,2024-12-18,42.65
ORD-13234,CUST-2115,2024-12-26,219.1
ORD-13235,CUST-2115,2025-01-25,75.95
ORD-13236,CUST-2115,2025-03-20,63.9
ORD-13237,CUST-2115,2025-04-04,103.96
ORD-13238,CUST-2116,2024-05-15,36.7
ORD-13239,CUST-2116,2024-10-05,112.0
ORD-13240,CUST-2117,2024-07-16,147.14
ORD-13241,CUST-2117,2024-10-27,13.22
ORD-13242,CUST-2117,2025-02-06,33.09
ORD-13243,CUST-2118,2024-12-05,57.53
ORD-13244,CUST-2118,2025-01-01,74.22
ORD-13245,CUST-2118,2025-01-08,58.4
ORD-13246,CUST-2118,2025-04-15,28.11
ORD-13247,CUST-2118,2025-05-15,194.81
ORD-13248,CUST-2118,2025-06-14,41.34
ORD-13249,CUST-2118,2025-07-15,60.13
ORD-13250,CUST-2118,2025-09-02,117.34
ORD-13251,CUST-2118,2025-10-04,123.06
ORD-13252,CUST-2119,2024-01-23,24.6
ORD-13253,CUST-2119,2024-02-12,34.09
ORD-13254,CUST-2120,2024-05-04,61.29
ORD-13255,CUST-2121,2024-06-17,92.23
ORD-13256,CUST-2121,2024-12-01,157.85
ORD-13257,CUST-2121,2024-12-24,423.22
ORD-13258,CUST-2121,2024-12-29,14.32
ORD-13259,CUST-2122,2024-04-04,48.59
ORD-13260,CUST-2123,2024-01-15,24.49
ORD-13261,CUST-2123,2024-03-18,25.7
ORD-13262,CUST-2123,2024-04-24,18.86
ORD-13263,CUST-2123,2024-08-21,39.9
ORD-13264,CUST-2123,2024-12-11,200.88
ORD-13265,CUST-2123,2024-12-16,53.05
ORD-13266,CUST-2123,2024-12-22,168.08
ORD-13267,CUST-2124,2024-06-02,195.63
ORD-13268,CUST-2125,2025-01-24,13.63
ORD-13269,CUST-2126,2024-10-02,268.56
ORD-13270,CUST-2127,2024-08-14,78.42
ORD-13271,CUST-2128,2024-06-14,258.22
ORD-13272,CUST-2128,2024-07-28,143.57
ORD-13273,CUST-2128,2024-12-17,85.63
ORD-13274,CUST-2129,2024-03-21,25.88
ORD-13275,CUST-2130,2024-06-17,19.27
ORD-13276,CUST-2131,2024-09-14,25.17
ORD-13277,CUST-2131,2024-10-25,271.25
ORD-13278,CUST-2131,2024-12-01,183.2
ORD-13279,CUST-2131,2024-12-29,452.13
ORD-13280,CUST-2131,2025-02-10,15.31
ORD-13281,CUST-2131,2025-03-26,33.36
ORD-13282,CUST-2131,2025-04-01,124.27
ORD-13283,CUST-2131,2025-04-20,116.0
ORD-13284,CUST-2132,2024-08-28,73.7
ORD-13285,CUST-2133,2024-11-22,81.4
ORD-13286,CUST-2133,2025-02-17,200.43
ORD-13287,CUST-2133,2025-03-08,24.58
ORD-13288,CUST-2133,2025-04-11,91.16
ORD-13289,CUST-2133,2025-04-27,12.77
ORD-13290,CUST-2133,2025-05-20,238.0
ORD-13291,CUST-2134,2024-02-12,166.71
ORD-13292,CUST-2134,2024-11-15,24.15
ORD-13293,CUST-2135,2024-04-30,27.08
ORD-13294,CUST-2136,2024-07-29,18.72
ORD-13295,CUST-2136,2024-08-28,69.17
ORD-13296,CUST-2136,2024-10-05,38.62
ORD-13297,CUST-2136,2024-11-14,219.81
ORD-13298,CUST-2136,2024-11-29,81.64
ORD-13299,CUST-2137,2024-01-09,24.73
ORD-13300,CUST-2138,2024-06-13,81.45
ORD-13301,CUST-2138,2025-02-11,193.05
ORD-13302,CUST-2138,2025-02-16,153.33
ORD-13303,CUST-2139,2024-02-14,96.83
ORD-13304,CUST-2139,2024-06-27,73.83
ORD-13305,CUST-2140,2024-01-01,40.57
ORD-13306,CUST-2141,2024-02-19,172.64
ORD-13307,CUST-2142,2024-01-21,45.24
ORD-13308,CUST-2142,2024-02-04,66.11
ORD-13309,CUST-2142,2024-04-02,61.87
ORD-13310,CUST-2143,2024-10-20,104.58
ORD-13311,CUST-2144,2024-01-19,20.19
ORD-13312,CUST-2145,2024-08-15,65.67
ORD-13313,CUST-2145,2024-11-13,371.25
ORD-13314,CUST-2145,2024-12-19,40.02
ORD-13315,CUST-2145,2025-01-02,12.81
ORD-13316,CUST-2145,2025-02-08,65.21
ORD-13317,CUST-2145,2025-05-02,58.15
ORD-13318,CUST-2145,2025-08-26,76.79
ORD-13319,CUST-2146,2024-03-16,182.18
ORD-13320,CUST-2146,2024-03-22,52.86
ORD-13321,CUST-2147,2024-06-13,94.34
ORD-13322,CUST-2147,2024-06-23,33.0
ORD-13323,CUST-2147,2024-06-30,49.31
ORD-13324,CUST-2147,2024-09-22,14.12
ORD-13325,CUST-2147,2024-11-16,187.71
ORD-13326,CUST-2147,2024-12-03,89.39
ORD-13327,CUST-2147,2025-05-23,225.54
ORD-13328,CUST-2148,2024-10-07,96.59
ORD-13329,CUST-2149,2024-08-20,55.47
ORD-13330,CUST-2150,2024-02-07,40.19
ORD-13331,CUST-2150,2024-02-13,25.91
ORD-13332,CUST-2150,2024-04-19,38.09
ORD-13333,CUST-2151,2024-10-22,219.78
ORD-13334,CUST-2151,2025-01-24,24.45
ORD-13335,CUST-2152,2024-08-03,88.82
ORD-13336,CUST-2152,2024-09-01,137.58
ORD-13337,CUST-2153,2024-08-11,216.86
ORD-13338,CUST-2154,2024-08-07,12.59
ORD-13339,CUST-2154,2024-08-29,28.64
ORD-13340,CUST-2154,2025-02-09,96.95
ORD-13341,CUST-2155,2024-08-02,129.76
ORD-13342,CUST-2156,2024-09-11,57.57
ORD-13343,CUST-2156,2024-09-20,26.81
ORD-13344,CUST-2156,2024-10-24,154.56
ORD-13345,CUST-2156,2024-12-05,86.88
ORD-13346,CUST-2156,2024-12-28,67.57
ORD-13347,CUST-2156,2025-01-28,82.46
ORD-13348,CUST-2157,2024-05-04,58.85
ORD-13349,CUST-2157,2024-08-06,47.54
ORD-13350,CUST-2157,2024-10-11,138.64
ORD-13351,CUST-2158,2024-11-29,15.45
ORD-13352,CUST-2159,2024-07-19,162.95
ORD-13353,CUST-2159,2024-08-06,144.04
ORD-13354,CUST-2159,2024-09-26,13.84
ORD-13355,CUST-2159,2024-11-28,14.85
ORD-13356,CUST-2160,2024-05-28,37.4
ORD-13357,CUST-2160,2024-07-15,24.16
ORD-13358,CUST-2160,2024-10-12,121.27
ORD-13359,CUST-2161,2024-09-04,52.3
ORD-13360,CUST-2162,2024-10-20,49.19
ORD-13361,CUST-2162,2024-11-20,36.49
ORD-13362,CUST-2162,2025-01-06,25.81
ORD-13363,CUST-2162,2025-02-24,24.91
ORD-13364,CUST-2163,2024-12-21,16.17
ORD-13365,CUST-2164,2025-01-30,82.4
ORD-13366,CUST-2164,2025-02-24,53.82
ORD-13367,CUST-2165,2024-12-02,20.92
ORD-13368,CUST-2165,2024-12-17,14.96
ORD-13369,CUST-2166,2024-11-30,88.63
ORD-13370,CUST-2166,2025-03-06,116.12
ORD-13371,CUST-2166,2025-03-30,109.28
ORD-13372,CUST-2166,2025-04-17,38.39
ORD-13373,CUST-2166,2025-04-27,190.25
ORD-13374,CUST-2166,2025-05-17,60.29
ORD-13375,CUST-2167,2024-12-21,44.37
ORD-13376,CUST-2167,2025-02-02,128.23
ORD-13377,CUST-2167,2025-02-16,112.26
ORD-13378,CUST-2167,2025-04-02,157.98
ORD-13379,CUST-2167,2025-04-15,47.98
ORD-13380,CUST-2167,2025-07-09,13.76
ORD-13381,CUST-2167,2025-07-19,315.62
ORD-13382,CUST-2167,2025-08-07,253.71
ORD-13383,CUST-2168,2024-07-30,133.03
ORD-13384,CUST-2168,2024-08-16,50.48
ORD-13385,CUST-2169,2024-02-06,87.78
ORD-13386,CUST-2169,2024-03-07,142.56
ORD-13387,CUST-2169,2024-05-04,13.03
ORD-13388,CUST-2170,2024-04-04,49.91
ORD-13389,CUST-2170,2024-07-05,24.41
ORD-13390,CUST-2170,2024-07-23,50.82
ORD-13391,CUST-2171,2024-05-28,92.73
ORD-13392,CUST-2172,2024-02-18,185.34
ORD-13393,CUST-2173,2024-08-07,53.4
ORD-13394,CUST-2173,2024-12-08,31.84
ORD-13395,CUST-2173,2024-12-27,46.94
ORD-13396,CUST-2173,2025-01-13,21.49
ORD-13397,CUST-2173,2025-04-15,65.61
ORD-13398,CUST-2173,2025-07-17,128.11
ORD-13399,CUST-2174,2024-05-01,52.63
ORD-13400,CUST-2174,2024-05-19,43.03
ORD-13401,CUST-2174,2024-08-04,129.33
ORD-13402,CUST-2175,2024-09-28,69.28
ORD-13403,CUST-2175,2024-11-08,140.0
ORD-13404,CUST-2175,2024-11-17,40.2
ORD-13405,CUST-2176,2024-10-30,18.69
ORD-13406,CUST-2176,2024-12-06,16.79
ORD-13407,CUST-2176,2024-12-30,72.23
ORD-13408,CUST-2177,2024-01-12,188.71
ORD-13409,CUST-2177,2024-02-19,62.67
ORD-13410,CUST-2177,2024-05-02,37.06
ORD-13411,CUST-2177,2024-06-05,237.59
ORD-13412,CUST-2177,2024-07-30,23.35
ORD-13413,CUST-2178,2024-01-09,200.06
ORD-13414,CUST-2179,2024-04-04,48.13
ORD-13415,CUST-2180,2025-01-10,25.93
ORD-13416,CUST-2180,2025-01-24,54.07
ORD-13417,CUST-2180,2025-02-28,13.71
ORD-13418,CUST-2180,2025-03-12,43.38
ORD-13419,CUST-2181,2024-12-21,38.15
ORD-13420,CUST-2182,2024-01-14,55.38
ORD-13421,CUST-2182,2024-02-03,133.73
ORD-13422,CUST-2182,2024-03-20,51.83
ORD-13423,CUST-2183,2024-02-18,22.57
ORD-13424,CUST-2183,2024-04-11,82.9
ORD-13425,CUST-2183,2024-07-09,103.09
ORD-13426,CUST-2184,2024-09-14,60.17
ORD-13427,CUST-2184,2024-11-09,51.3
ORD-13428,CUST-2184,2024-11-26,12.59
ORD-13429,CUST-2184,2025-01-06,70.56
ORD-13430,CUST-2184,2025-06-20,41.66
ORD-13431,CUST-2184,2025-07-17,27.15
ORD-13432,CUST-2184,2025-07-25,108.83
ORD-13433,CUST-2185,2024-01-11,18.63
ORD-13434,CUST-2185,2024-01-31,245.52
ORD-13435,CUST-2185,2024-03-12,42.87
ORD-13436,CUST-2185,2024-06-23,51.73
ORD-13437,CUST-2185,2024-07-15,196.71
ORD-13438,CUST-2185,2024-10-13,133.13
ORD-13439,CUST-2185,2024-11-19,113.77
ORD-13440,CUST-2186,2024-11-01,24.5
ORD-13441,CUST-2186,2024-12-20,18.32
ORD-13442,CUST-2186,2025-05-06,34.92
ORD-13443,CUST-2186,2025-05-22,21.49
ORD-13444,CUST-2187,2024-04-08,258.11
ORD-13445,CUST-2187,2024-06-23,47.13
ORD-13446,CUST-2187,2024-07-05,112.51
ORD-13447,CUST-2187,2024-07-15,26.14
ORD-13448,CUST-2188,2024-10-26,28.79
ORD-13449,CUST-2188,2024-11-11,203.71
ORD-13450,CUST-2188,2025-04-03,314.94
ORD-13451,CUST-2189,2024-05-16,37.39
ORD-13452,CUST-2190,2024-12-14,33.16
ORD-13453,CUST-2190,2024-12-22,82.02
ORD-13454,CUST-2190,2025-02-12,18.98
ORD-13455,CUST-2190,2025-03-06,333.32
ORD-13456,CUST-2191,2024-04-20,31.1
ORD-13457,CUST-2192,2024-11-24,25.71
ORD-13458,CUST-2193,2025-01-26,114.13
ORD-13459,CUST-2194,2024-08-15,121.9
ORD-13460,CUST-2194,2024-10-24,118.09
ORD-13461,CUST-2195,2024-05-22,33.95
ORD-13462,CUST-2195,2024-06-09,28.86
ORD-13463,CUST-2195,2024-08-08,18.26
ORD-13464,CUST-2195,2024-10-12,89.35
ORD-13465,CUST-2195,2024-10-29,31.45
ORD-13466,CUST-2196,2025-01-21,54.2
ORD-13467,CUST-2196,2025-04-08,21.34
ORD-13468,CUST-2196,2025-05-05,33.09
ORD-13469,CUST-2196,2025-05-25,21.05
ORD-13470,CUST-2196,2025-08-11,13.1
ORD-13471,CUST-2196,2025-09-01,24.96
ORD-13472,CUST-2196,2025-10-16,31.57
ORD-13473,CUST-2197,2024-04-08,249.1
ORD-13474,CUST-2197,2024-05-05,71.89
ORD-13475,CUST-2198,2024-07-06,45.56
ORD-13476,CUST-2199,2024-07-23,33.77
ORD-13477,CUST-2199,2024-08-04,48.62
ORD-13478,CUST-2199,2024-08-15,90.54
ORD-13479,CUST-2199,2024-09-16,61.73
ORD-13480,CUST-2199,2024-09-28,22.29
ORD-13481,CUST-2199,2024-11-11,285.52
ORD-13482,CUST-2199,2024-11-20,34.37
ORD-13483,CUST-2200,2024-05-03,35.42
ORD-13484,CUST-2200,2024-05-24,152.97
ORD-13485,CUST-2201,2024-09-14,151.53
ORD-13486,CUST-2201,2024-10-12,16.98
ORD-13487,CUST-2201,2024-11-18,40.1
ORD-13488,CUST-2201,2025-01-12,208.58
ORD-13489,CUST-2201,2025-02-15,53.3
ORD-13490,CUST-2202,2025-01-02,84.55
ORD-13491,CUST-2203,2025-01-07,64.83
ORD-13492,CUST-2203,2025-03-06,71.53
ORD-13493,CUST-2203,2025-03-16,227.0
ORD-13494,CUST-2204,2024-05-30,178.19
ORD-13495,CUST-2204,2024-06-05,138.53
ORD-13496,CUST-2204,2024-06-21,135.27
ORD-13497,CUST-2205,2024-01-20,30.89
ORD-13498,CUST-2205,2024-01-31,65.56
ORD-13499,CUST-2205,2024-02-14,15.08
ORD-13500,CUST-2205,2024-02-20,128.28
ORD-13501,CUST-2205,2024-04-05,41.31
ORD-13502,CUST-2205,2024-07-20,17.23
ORD-13503,CUST-2205,2025-01-17,74.76
ORD-13504,CUST-2206,2024-02-07,27.89
ORD-13505,CUST-2206,2024-02-24,174.78
ORD-13506,CUST-2206,2024-03-03,48.74
ORD-13507,CUST-2206,2024-04-11,161.32
ORD-13508,CUST-2207,2024-09-15,40.57
ORD-13509,CUST-2207,2024-10-04,68.49
ORD-13510,CUST-2207,2025-02-07,14.81
ORD-13511,CUST-2207,2025-04-18,95.88
ORD-13512,CUST-2207,2025-09-19,186.02
ORD-13513,CUST-2208,2024-08-27,38.74
ORD-13514,CUST-2208,2024-09-01,27.02
ORD-13515,CUST-2208,2024-09-11,132.73
ORD-13516,CUST-2208,2024-09-29,34.28
ORD-13517,CUST-2208,2025-02-25,43.48
ORD-13518,CUST-2209,2024-02-11,17.74
ORD-13519,CUST-2210,2024-12-10,48.4
ORD-13520,CUST-2211,2024-09-17,55.88
ORD-13521,CUST-2211,2024-12-01,173.71
ORD-13522,CUST-2211,2024-12-28,71.48
ORD-13523,CUST-2212,2025-01-12,13.77
ORD-13524,CUST-2212,2025-06-17,23.01
ORD-13525,CUST-2212,2025-09-07,33.49
ORD-13526,CUST-2212,2025-10-01,28.38
ORD-13527,CUST-2212,2025-11-14,40.31
ORD-13528,CUST-2213,2024-02-09,47.79
ORD-13529,CUST-2214,2024-07-28,21.92
ORD-13530,CUST-2214,2024-08-03,23.28
ORD-13531,CUST-2214,2024-09-21,17.47
ORD-13532,CUST-2214,2024-10-05,39.3
ORD-13533,CUST-2215,2024-09-18,44.04
ORD-13534,CUST-2216,2024-07-08,104.04
ORD-13535,CUST-2216,2024-10-16,228.84
ORD-13536,CUST-2216,2024-11-07,116.69
ORD-13537,CUST-2216,2024-11-22,63.77
ORD-13538,CUST-2216,2024-12-05,40.24
ORD-13539,CUST-2216,2025-04-09,22.77
ORD-13540,CUST-2216,2025-05-29,70.92
ORD-13541,CUST-2216,2025-06-08,38.14
ORD-13542,CUST-2217,2024-03-15,51.95
ORD-13543,CUST-2217,2024-05-20,34.0
ORD-13544,CUST-2218,2024-10-21,34.8
ORD-13545,CUST-2218,2024-11-11,111.81
ORD-13546,CUST-2218,2024-12-01,66.27
ORD-13547,CUST-2218,2024-12-18,122.88
ORD-13548,CUST-2218,2024-12-28,127.47
ORD-13549,CUST-2218,2025-02-12,25.95
ORD-13550,CUST-2218,2025-03-24,34.08
ORD-13551,CUST-2218,2025-04-15,40.65
ORD-13552,CUST-2218,2025-04-22,289.79
ORD-13553,CUST-2218,2025-04-28,83.1
ORD-13554,CUST-2219,2024-09-19,33.85
ORD-13555,CUST-2219,2024-09-25,47.33
ORD-13556,CUST-2219,2024-10-25,53.42
ORD-13557,CUST-2219,2024-12-23,36.51
ORD-13558,CUST-2220,2024-10-09,62.6
ORD-13559,CUST-2220,2024-11-11,59.04
ORD-13560,CUST-2221,2024-09-12,146.57
ORD-13561,CUST-2221,2024-10-10,24.57
ORD-13562,CUST-2222,2024-02-12,18.81
ORD-13563,CUST-2222,2024-04-13,17.19
ORD-13564,CUST-2222,2024-05-18,54.1
ORD-13565,CUST-2223,2024-09-26,122.67
ORD-13566,CUST-2223,2025-01-30,148.34
ORD-13567,CUST-2223,2025-02-21,69.88
ORD-13568,CUST-2224,2024-05-06,147.76
ORD-13569,CUST-2225,2024-01-25,56.18
ORD-13570,CUST-2225,2024-04-14,19.26
ORD-13571,CUST-2225,2024-04-22,23.34
ORD-13572,CUST-2225,2024-07-01,96.18
ORD-13573,CUST-2225,2024-08-12,53.55
ORD-13574,CUST-2226,2024-01-21,219.72
ORD-13575,CUST-2226,2024-02-09,146.82
ORD-13576,CUST-2226,2024-03-07,20.74
ORD-13577,CUST-2226,2024-03-15,23.56
ORD-13578,CUST-2226,2024-04-01,56.08
ORD-13579,CUST-2226,2024-05-30,291.84
ORD-13580,CUST-2227,2024-01-01,19.18
ORD-13581,CUST-2227,2024-01-10,91.83
ORD-13582,CUST-2227,2024-01-25,158.82
ORD-13583,CUST-2228,2024-12-06,49.42
ORD-13584,CUST-2228,2025-02-12,19.17
ORD-13585,CUST-2228,2025-02-18,103.46
ORD-13586,CUST-2228,2025-03-19,364.45
ORD-13587,CUST-2228,2025-03-28,138.3
ORD-13588,CUST-2229,2024-06-21,127.04
ORD-13589,CUST-2229,2024-07-24,127.41
ORD-13590,CUST-2229,2024-09-25,27.77
ORD-13591,CUST-2229,2025-02-10,16.58
ORD-13592,CUST-2229,2025-05-28,36.1
ORD-13593,CUST-2230,2024-03-22,25.96
ORD-13594,CUST-2230,2024-04-26,116.44
ORD-13595,CUST-2231,2024-12-09,110.28
ORD-13596,CUST-2231,2024-12-26,107.48
ORD-13597,CUST-2231,2024-12-31,28.42
ORD-13598,CUST-2231,2025-01-08,110.99
ORD-13599,CUST-2231,2025-03-17,121.7
ORD-13600,CUST-2232,2024-03-13,54.48
ORD-13601,CUST-2232,2024-05-04,22.75
ORD-13602,CUST-2232,2024-05-18,27.37
ORD-13603,CUST-2233,2024-06-24,109.74
ORD-13604,CUST-2234,2024-12-17,17.91
ORD-13605,CUST-2235,2025-01-29,154.19
ORD-13606,CUST-2236,2024-03-01,22.16
ORD-13607,CUST-2237,2024-05-02,224.34
ORD-13608,CUST-2238,2024-02-27,201.12
ORD-13609,CUST-2238,2024-09-13,15.49
ORD-13610,CUST-2238,2024-09-25,48.3
ORD-13611,CUST-2239,2024-07-01,33.11
ORD-13612,CUST-2240,2024-12-16,132.93
ORD-13613,CUST-2240,2025-05-06,113.98
ORD-13614,CUST-2241,2024-10-09,105.4
ORD-13615,CUST-2241,2024-11-16,180.21
ORD-13616,CUST-2241,2025-02-07,133.22
ORD-13617,CUST-2241,2025-04-03,36.11
ORD-13618,CUST-2241,2025-04-09,190.83
ORD-13619,CUST-2241,2025-05-23,35.51
ORD-13620,CUST-2242,2024-11-29,18.45
ORD-13621,CUST-2242,2025-01-17,58.09
ORD-13622,CUST-2242,2025-02-24,182.37
ORD-13623,CUST-2242,2025-03-02,108.99
ORD-13624,CUST-2242,2025-03-09,15.03
ORD-13625,CUST-2243,2024-01-17,74.15
ORD-13626,CUST-2243,2024-04-04,49.93
ORD-13627,CUST-2244,2025-01-15,62.74
ORD-13628,CUST-2244,2025-03-11,19.31
ORD-13629,CUST-2244,2025-04-06,107.85
ORD-13630,CUST-2244,2025-06-05,15.16
ORD-13631,CUST-2244,2025-07-15,18.51
ORD-13632,CUST-2244,2026-03-23,160.43
ORD-13633,CUST-2244,2026-03-28,139.67
ORD-13634,CUST-2245,2024-09-19,39.54
ORD-13635,CUST-2246,2024-12-23,57.12
ORD-13636,CUST-2246,2025-02-01,216.27
ORD-13637,CUST-2246,2025-05-15,24.57
ORD-13638,CUST-2247,2024-10-23,108.04
ORD-13639,CUST-2247,2025-04-02,109.0
ORD-13640,CUST-2247,2025-04-19,15.16
ORD-13641,CUST-2248,2024-12-28,69.68
ORD-13642,CUST-2249,2024-12-31,248.19
ORD-13643,CUST-2249,2025-01-18,28.06
ORD-13644,CUST-2249,2025-01-26,66.13
ORD-13645,CUST-2249,2025-01-31,47.01
ORD-13646,CUST-2250,2024-05-11,145.14
ORD-13647,CUST-2250,2024-07-16,28.57
ORD-13648,CUST-2251,2024-12-26,15.82
ORD-13649,CUST-2251,2025-02-02,14.67
ORD-13650,CUST-2251,2025-03-07,153.24
ORD-13651,CUST-2251,2025-04-01,187.67
ORD-13652,CUST-2251,2025-05-20,189.33
ORD-13653,CUST-2252,2024-06-06,24.62
ORD-13654,CUST-2253,2024-06-08,41.59
ORD-13655,CUST-2253,2024-08-30,51.61
ORD-13656,CUST-2253,2024-10-07,275.27
ORD-13657,CUST-2253,2024-10-14,56.01
ORD-13658,CUST-2253,2024-12-24,23.15
ORD-13659,CUST-2253,2025-02-09,30.29
ORD-13660,CUST-2253,2025-05-15,38.25
ORD-13661,CUST-2254,2024-07-28,72.0
ORD-13662,CUST-2254,2024-09-08,81.52
ORD-13663,CUST-2254,2024-09-29,21.29
ORD-13664,CUST-2255,2024-10-15,16.66
ORD-13665,CUST-2255,2024-11-17,126.79
ORD-13666,CUST-2255,2024-12-19,22.99
ORD-13667,CUST-2255,2025-07-01,155.55
ORD-13668,CUST-2255,2025-09-10,46.96
ORD-13669,CUST-2256,2024-03-28,55.25
ORD-13670,CUST-2256,2024-04-03,52.86
ORD-13671,CUST-2256,2024-05-02,110.72
ORD-13672,CUST-2256,2024-05-26,275.64
ORD-13673,CUST-2256,2024-06-08,70.61
ORD-13674,CUST-2256,2024-06-17,98.54
ORD-13675,CUST-2257,2024-04-11,18.56
ORD-13676,CUST-2257,2024-04-30,107.45
ORD-13677,CUST-2257,2024-07-30,110.59
ORD-13678,CUST-2257,2024-09-17,59.4
ORD-13679,CUST-2257,2024-11-16,44.72
ORD-13680,CUST-2257,2025-02-11,85.99
ORD-13681,CUST-2257,2025-04-10,62.4
ORD-13682,CUST-2258,2024-07-16,155.51
ORD-13683,CUST-2259,2024-05-13,33.55
ORD-13684,CUST-2259,2024-07-05,20.8
ORD-13685,CUST-2260,2024-04-19,46.68
ORD-13686,CUST-2260,2024-06-17,78.68
ORD-13687,CUST-2260,2024-07-26,107.58
ORD-13688,CUST-2261,2024-08-04,42.65
ORD-13689,CUST-2261,2024-10-01,54.48
ORD-13690,CUST-2261,2024-12-26,86.17
ORD-13691,CUST-2261,2025-02-20,28.41
ORD-13692,CUST-2261,2025-08-30,132.3
ORD-13693,CUST-2261,2025-11-13,38.55
ORD-13694,CUST-2262,2024-08-09,80.5
ORD-13695,CUST-2263,2024-01-15,25.84
ORD-13696,CUST-2263,2024-03-25,46.26
ORD-13697,CUST-2263,2024-06-30,60.85
ORD-13698,CUST-2264,2024-05-18,105.61
ORD-13699,CUST-2264,2024-10-08,42.68
ORD-13700,CUST-2265,2024-05-01,21.68
ORD-13701,CUST-2265,2024-05-27,27.3
ORD-13702,CUST-2266,2024-08-04,67.91
ORD-13703,CUST-2267,2024-06-12,16.01
ORD-13704,CUST-2267,2024-07-22,36.36
ORD-13705,CUST-2267,2024-08-30,21.87
ORD-13706,CUST-2268,2024-05-21,31.3
ORD-13707,CUST-2268,2024-09-14,136.91
ORD-13708,CUST-2268,2024-10-28,60.25
ORD-13709,CUST-2269,2024-08-04,13.71
ORD-13710,CUST-2269,2024-08-11,154.85
ORD-13711,CUST-2269,2024-11-15,41.23
ORD-13712,CUST-2270,2024-07-01,64.54
ORD-13713,CUST-2270,2024-07-11,321.65
ORD-13714,CUST-2270,2024-07-28,26.89
ORD-13715,CUST-2271,2024-08-16,152.63
ORD-13716,CUST-2271,2024-08-21,46.27
ORD-13717,CUST-2271,2024-12-21,40.82
ORD-13718,CUST-2271,2025-01-22,271.99
ORD-13719,CUST-2271,2025-02-06,16.89
ORD-13720,CUST-2272,2024-07-10,139.79
ORD-13721,CUST-2272,2024-10-24,215.87
ORD-13722,CUST-2272,2025-02-01,68.89
ORD-13723,CUST-2272,2025-03-04,109.41
ORD-13724,CUST-2272,2025-05-08,62.71
ORD-13725,CUST-2273,2024-11-30,34.76
ORD-13726,CUST-2273,2024-12-14,46.4
ORD-13727,CUST-2273,2025-02-16,231.26
ORD-13728,CUST-2273,2025-05-06,195.75
ORD-13729,CUST-2274,2024-11-27,84.96
ORD-13730,CUST-2275,2024-04-05,70.47
ORD-13731,CUST-2276,2024-07-27,39.04
ORD-13732,CUST-2277,2024-06-06,21.69
ORD-13733,CUST-2278,2024-06-16,105.32
ORD-13734,CUST-2278,2024-06-29,39.37
ORD-13735,CUST-2278,2024-07-15,41.42
ORD-13736,CUST-2278,2024-07-31,68.8
ORD-13737,CUST-2278,2024-10-16,112.9
ORD-13738,CUST-2278,2024-11-10,304.24
ORD-13739,CUST-2278,2024-12-25,45.64
ORD-13740,CUST-2279,2024-12-02,34.27
ORD-13741,CUST-2279,2025-01-14,21.05
ORD-13742,CUST-2279,2025-03-12,98.08
ORD-13743,CUST-2279,2025-03-18,85.71
ORD-13744,CUST-2279,2025-04-16,21.11
ORD-13745,CUST-2279,2025-05-15,26.54
ORD-13746,CUST-2280,2024-01-10,186.31
ORD-13747,CUST-2280,2024-03-07,14.76
ORD-13748,CUST-2281,2024-06-16,155.8
ORD-13749,CUST-2282,2024-02-07,114.17
ORD-13750,CUST-2282,2024-02-15,17.12
ORD-13751,CUST-2282,2024-03-25,23.84
ORD-13752,CUST-2283,2024-03-23,94.2
ORD-13753,CUST-2283,2024-06-10,51.66
ORD-13754,CUST-2284,2024-04-13,63.53
ORD-13755,CUST-2285,2024-10-21,59.26
ORD-13756,CUST-2285,2024-12-25,167.09
ORD-13757,CUST-2285,2025-04-23,62.29
ORD-13758,CUST-2286,2024-06-22,21.33
ORD-13759,CUST-2286,2024-07-28,66.05
ORD-13760,CUST-2287,2024-10-31,55.68
ORD-13761,CUST-2287,2024-11-15,21.14
ORD-13762,CUST-2287,2024-12-09,22.12
ORD-13763,CUST-2288,2024-04-30,67.56
ORD-13764,CUST-2289,2024-11-03,149.0
ORD-13765,CUST-2289,2024-11-12,44.08
ORD-13766,CUST-2289,2025-01-23,49.23
ORD-13767,CUST-2289,2025-02-15,46.94
ORD-13768,CUST-2289,2025-04-02,567.81
ORD-13769,CUST-2289,2025-05-07,27.7
ORD-13770,CUST-2289,2025-05-19,15.31
ORD-13771,CUST-2290,2025-01-31,42.97
ORD-13772,CUST-2290,2025-04-10,51.68
ORD-13773,CUST-2290,2025-06-24,107.75
ORD-13774,CUST-2290,2025-08-17,137.92
ORD-13775,CUST-2291,2024-01-21,87.17
ORD-13776,CUST-2291,2024-02-08,57.51
ORD-13777,CUST-2291,2024-04-14,66.26
ORD-13778,CUST-2291,2024-04-22,25.84
ORD-13779,CUST-2292,2024-03-22,17.05
ORD-13780,CUST-2293,2024-04-18,128.47
ORD-13781,CUST-2293,2024-04-26,108.92
ORD-13782,CUST-2293,2024-05-05,150.96
ORD-13783,CUST-2293,2024-05-26,81.56
ORD-13784,CUST-2293,2024-06-30,42.15
ORD-13785,CUST-2293,2024-08-20,204.08
ORD-13786,CUST-2294,2024-01-09,23.72
ORD-13787,CUST-2294,2024-02-29,94.54
ORD-13788,CUST-2294,2024-04-13,22.55
ORD-13789,CUST-2294,2024-05-14,41.01
ORD-13790,CUST-2294,2024-06-18,145.28
ORD-13791,CUST-2294,2024-08-29,18.2
ORD-13792,CUST-2295,2024-06-24,13.61
ORD-13793,CUST-2295,2024-07-06,18.78
ORD-13794,CUST-2295,2024-07-23,19.35
ORD-13795,CUST-2296,2025-01-13,188.29
ORD-13796,CUST-2297,2024-01-18,39.76
ORD-13797,CUST-2297,2024-01-26,44.94
ORD-13798,CUST-2298,2024-02-10,119.6
ORD-13799,CUST-2298,2024-02-21,71.31
ORD-13800,CUST-2299,2024-06-09,70.91
ORD-13801,CUST-2300,2024-07-05,16.36
ORD-13802,CUST-2300,2024-07-19,65.94
ORD-13803,CUST-2301,2024-02-28,106.75
ORD-13804,CUST-2301,2024-05-04,164.38
ORD-13805,CUST-2302,2024-08-26,67.21
ORD-13806,CUST-2302,2024-09-01,59.34
ORD-13807,CUST-2302,2024-10-18,26.3
ORD-13808,CUST-2303,2024-11-04,20.1
ORD-13809,CUST-2303,2024-11-10,33.29
ORD-13810,CUST-2303,2024-11-29,123.72
ORD-13811,CUST-2303,2025-01-28,272.23
ORD-13812,CUST-2303,2025-03-29,47.71
ORD-13813,CUST-2303,2025-05-27,501.44
ORD-13814,CUST-2304,2024-07-20,86.68
ORD-13815,CUST-2304,2024-08-06,72.14
ORD-13816,CUST-2304,2024-08-24,38.87
ORD-13817,CUST-2304,2024-09-24,61.46
ORD-13818,CUST-2304,2024-10-25,56.68
ORD-13819,CUST-2305,2024-03-19,69.19
ORD-13820,CUST-2306,2024-10-26,36.16
ORD-13821,CUST-2307,2024-02-17,25.07
ORD-13822,CUST-2307,2024-04-29,59.38
ORD-13823,CUST-2307,2024-05-04,85.26
ORD-13824,CUST-2308,2024-04-23,30.6
ORD-13825,CUST-2308,2024-05-10,43.44
ORD-13826,CUST-2308,2024-07-30,171.11
ORD-13827,CUST-2309,2024-06-09,115.69
ORD-13828,CUST-2309,2024-08-17,21.85
ORD-13829,CUST-2309,2024-08-26,167.7
ORD-13830,CUST-2309,2024-10-04,139.28
ORD-13831,CUST-2310,2024-06-11,143.07
ORD-13832,CUST-2310,2024-10-19,332.51
ORD-13833,CUST-2310,2025-03-16,12.89
ORD-13834,CUST-2311,2024-11-27,157.56
ORD-13835,CUST-2312,2024-08-19,50.03
ORD-13836,CUST-2312,2024-08-24,345.02
ORD-13837,CUST-2312,2024-10-03,54.21
ORD-13838,CUST-2312,2025-02-24,23.51
ORD-13839,CUST-2313,2024-07-25,26.74
ORD-13840,CUST-2313,2024-10-01,79.12
ORD-13841,CUST-2313,2025-01-29,111.81
ORD-13842,CUST-2314,2024-03-14,74.81
ORD-13843,CUST-2314,2024-03-30,17.91
ORD-13844,CUST-2314,2024-04-04,73.43
ORD-13845,CUST-2314,2024-04-29,103.21
ORD-13846,CUST-2314,2024-05-25,55.76
ORD-13847,CUST-2314,2024-06-22,80.85
ORD-13848,CUST-2315,2024-10-06,88.92
ORD-13849,CUST-2315,2024-10-28,112.59
ORD-13850,CUST-2315,2025-02-13,28.53
ORD-13851,CUST-2315,2025-04-03,44.86
ORD-13852,CUST-2315,2025-10-30,54.86
ORD-13853,CUST-2315,2025-11-15,43.77
ORD-13854,CUST-2315,2026-01-06,17.64
ORD-13855,CUST-2315,2026-02-21,186.5
ORD-13856,CUST-2315,2026-05-22,17.05
ORD-13857,CUST-2315,2027-01-07,90.48
ORD-13858,CUST-2315,2027-01-19,13.31
ORD-13859,CUST-2316,2024-10-29,69.84
ORD-13860,CUST-2317,2024-08-09,79.69
ORD-13861,CUST-2317,2024-08-22,255.56
ORD-13862,CUST-2318,2024-11-29,14.69
ORD-13863,CUST-2318,2024-12-18,53.72
ORD-13864,CUST-2318,2024-12-26,92.05
ORD-13865,CUST-2319,2024-10-14,129.15
ORD-13866,CUST-2320,2024-07-14,79.67
ORD-13867,CUST-2320,2024-11-08,43.71
ORD-13868,CUST-2321,2024-02-24,18.09
ORD-13869,CUST-2321,2024-05-22,13.19
ORD-13870,CUST-2321,2024-08-24,51.51
ORD-13871,CUST-2321,2024-08-29,45.88
ORD-13872,CUST-2322,2024-09-19,132.45
ORD-13873,CUST-2322,2024-11-20,127.66
ORD-13874,CUST-2323,2024-12-03,197.38
ORD-13875,CUST-2324,2024-07-05,160.77
ORD-13876,CUST-2325,2024-09-30,75.88
ORD-13877,CUST-2325,2024-10-12,133.59
ORD-13878,CUST-2325,2024-10-26,187.51
ORD-13879,CUST-2325,2024-11-12,98.55
ORD-13880,CUST-2325,2024-12-02,37.36
ORD-13881,CUST-2325,2024-12-23,102.06
ORD-13882,CUST-2326,2024-07-12,41.07
ORD-13883,CUST-2326,2024-08-03,87.88
ORD-13884,CUST-2326,2024-08-18,92.83
ORD-13885,CUST-2326,2024-12-24,66.64
ORD-13886,CUST-2327,2024-09-03,263.96
ORD-13887,CUST-2328,2024-10-07,14.01
ORD-13888,CUST-2328,2025-01-09,23.65
ORD-13889,CUST-2328,2025-02-15,71.6
ORD-13890,CUST-2329,2024-06-24,41.4
ORD-13891,CUST-2330,2024-07-09,143.35
ORD-13892,CUST-2330,2024-07-14,86.47
ORD-13893,CUST-2331,2024-04-27,126.96
ORD-13894,CUST-2332,2024-09-02,17.18
ORD-13895,CUST-2332,2024-10-08,18.09
ORD-13896,CUST-2332,2024-12-11,63.9
ORD-13897,CUST-2332,2025-05-03,25.65
ORD-13898,CUST-2333,2024-11-22,137.37
ORD-13899,CUST-2333,2024-11-30,39.83
ORD-13900,CUST-2334,2024-11-19,46.53
ORD-13901,CUST-2334,2024-11-25,16.39
ORD-13902,CUST-2334,2025-02-25,222.71
ORD-13903,CUST-2335,2024-07-10,25.89
ORD-13904,CUST-2335,2024-07-30,110.37
ORD-13905,CUST-2335,2024-11-12,96.29
ORD-13906,CUST-2335,2024-12-15,18.38
ORD-13907,CUST-2336,2024-01-03,310.06
ORD-13908,CUST-2337,2024-02-04,81.83
ORD-13909,CUST-2337,2024-05-27,18.86
ORD-13910,CUST-2337,2024-06-14,163.69
ORD-13911,CUST-2337,2024-07-04,81.47
ORD-13912,CUST-2337,2024-08-12,71.46
ORD-13913,CUST-2338,2024-10-24,101.6
ORD-13914,CUST-2339,2024-11-19,56.41
ORD-13915,CUST-2340,2024-05-19,118.67
ORD-13916,CUST-2341,2024-04-16,29.76
ORD-13917,CUST-2341,2024-05-23,37.74
ORD-13918,CUST-2341,2024-06-04,51.74
ORD-13919,CUST-2341,2024-09-10,67.44
ORD-13920,CUST-2341,2024-12-18,26.67
ORD-13921,CUST-2342,2024-08-08,20.13
ORD-13922,CUST-2342,2024-08-28,27.65
ORD-13923,CUST-2342,2024-09-24,20.16
ORD-13924,CUST-2342,2024-09-30,82.01
ORD-13925,CUST-2342,2024-11-16,92.6
ORD-13926,CUST-2342,2025-01-08,20.39
ORD-13927,CUST-2343,2024-05-16,233.48
ORD-13928,CUST-2343,2024-06-30,117.49
ORD-13929,CUST-2344,2024-08-09,66.39
ORD-13930,CUST-2344,2024-10-12,32.96
ORD-13931,CUST-2345,2024-10-19,52.94
ORD-13932,CUST-2345,2024-11-10,73.49
ORD-13933,CUST-2345,2025-02-17,152.4
ORD-13934,CUST-2345,2025-02-27,48.85
ORD-13935,CUST-2345,2025-04-01,259.46
ORD-13936,CUST-2345,2025-05-26,46.49
ORD-13937,CUST-2345,2025-06-01,66.66
ORD-13938,CUST-2346,2025-01-10,120.19
ORD-13939,CUST-2346,2025-04-02,26.61
ORD-13940,CUST-2346,2025-04-13,14.21
ORD-13941,CUST-2346,2025-04-30,109.22
ORD-13942,CUST-2346,2025-05-17,97.39
ORD-13943,CUST-2347,2024-05-30,35.78
ORD-13944,CUST-2348,2024-09-04,16.2
ORD-13945,CUST-2348,2024-10-22,87.59
ORD-13946,CUST-2348,2024-11-05,123.73
ORD-13947,CUST-2348,2025-02-26,121.51
ORD-13948,CUST-2349,2024-01-02,105.18
ORD-13949,CUST-2349,2024-03-11,113.63
ORD-13950,CUST-2349,2024-07-13,20.65
ORD-13951,CUST-2350,2024-04-24,60.26
ORD-13952,CUST-2350,2024-07-24,92.41
ORD-13953,CUST-2350,2024-09-10,57.04
ORD-13954,CUST-2351,2024-03-25,49.32
ORD-13955,CUST-2352,2024-02-01,198.89
ORD-13956,CUST-2353,2024-12-18,13.79
ORD-13957,CUST-2354,2024-01-29,107.33
ORD-13958,CUST-2355,2024-06-06,28.42
ORD-13959,CUST-2355,2024-08-14,112.2
ORD-13960,CUST-2356,2024-04-12,102.88
ORD-13961,CUST-2357,2024-02-08,15.01
ORD-13962,CUST-2357,2024-03-11,126.11
ORD-13963,CUST-2357,2024-04-01,44.01
ORD-13964,CUST-2357,2024-07-23,130.37
ORD-13965,CUST-2357,2024-09-15,32.67
ORD-13966,CUST-2357,2024-09-25,13.55
ORD-13967,CUST-2357,2024-10-05,35.0
ORD-13968,CUST-2358,2024-03-13,77.48
ORD-13969,CUST-2359,2024-03-31,160.69
ORD-13970,CUST-2359,2024-09-27,80.31
ORD-13971,CUST-2360,2024-09-30,31.45
ORD-13972,CUST-2360,2024-10-27,79.99
ORD-13973,CUST-2361,2024-05-16,220.64
ORD-13974,CUST-2362,2024-05-26,150.51
ORD-13975,CUST-2362,2024-06-06,20.97
ORD-13976,CUST-2362,2024-07-11,33.53
ORD-13977,CUST-2363,2024-11-24,153.58
ORD-13978,CUST-2363,2024-12-11,20.33
ORD-13979,CUST-2364,2024-03-17,17.11
ORD-13980,CUST-2364,2024-06-21,114.75
ORD-13981,CUST-2364,2024-08-03,18.18
ORD-13982,CUST-2364,2024-08-22,35.47
ORD-13983,CUST-2364,2024-10-03,31.9
ORD-13984,CUST-2365,2024-11-17,66.69
ORD-13985,CUST-2365,2025-03-06,56.97
ORD-13986,CUST-2366,2024-08-23,95.69
ORD-13987,CUST-2366,2024-11-02,23.05
ORD-13988,CUST-2366,2024-12-03,25.15
ORD-13989,CUST-2366,2025-01-25,23.67
ORD-13990,CUST-2367,2024-12-06,52.37
ORD-13991,CUST-2368,2024-08-13,17.7
ORD-13992,CUST-2368,2024-10-29,181.15
ORD-13993,CUST-2368,2025-02-04,39.68
ORD-13994,CUST-2369,2024-07-02,167.33
ORD-13995,CUST-2370,2024-03-30,14.7
ORD-13996,CUST-2371,2024-10-27,27.37
ORD-13997,CUST-2372,2024-07-19,137.76
ORD-13998,CUST-2372,2024-09-01,33.57
ORD-13999,CUST-2373,2024-05-10,29.72
ORD-14000,CUST-2373,2024-05-28,28.76
ORD-14001,CUST-2374,2024-03-22,30.88
ORD-14002,CUST-2375,2024-08-18,124.75
ORD-14003,CUST-2375,2024-10-29,155.97
ORD-14004,CUST-2375,2025-03-01,30.18
ORD-14005,CUST-2375,2025-03-30,13.46
ORD-14006,CUST-2376,2024-05-27,15.09
ORD-14007,CUST-2377,2024-01-13,42.63
ORD-14008,CUST-2378,2024-08-23,22.46
ORD-14009,CUST-2378,2024-09-10,63.86
ORD-14010,CUST-2379,2024-05-07,23.15
ORD-14011,CUST-2379,2024-07-25,105.23
ORD-14012,CUST-2379,2024-08-28,62.66
ORD-14013,CUST-2379,2024-09-04,65.2
ORD-14014,CUST-2380,2024-06-01,94.98
ORD-14015,CUST-2380,2024-09-10,12.84
ORD-14016,CUST-2380,2025-01-15,59.07
ORD-14017,CUST-2380,2025-03-15,138.3
ORD-14018,CUST-2381,2024-12-22,79.59
ORD-14019,CUST-2381,2025-01-29,38.67
ORD-14020,CUST-2381,2025-07-29,37.54
ORD-14021,CUST-2382,2024-08-17,94.59
ORD-14022,CUST-2382,2024-10-22,165.49
ORD-14023,CUST-2382,2024-10-27,12.52
ORD-14024,CUST-2382,2024-11-29,14.43
ORD-14025,CUST-2382,2025-05-18,28.82
ORD-14026,CUST-2383,2024-01-18,39.03
ORD-14027,CUST-2384,2024-06-25,120.11
ORD-14028,CUST-2384,2024-07-31,91.35
ORD-14029,CUST-2384,2024-10-05,31.5
ORD-14030,CUST-2384,2025-01-11,52.53
ORD-14031,CUST-2384,2025-01-26,142.86
ORD-14032,CUST-2384,2025-02-24,102.69
ORD-14033,CUST-2384,2025-04-05,43.77
ORD-14034,CUST-2384,2025-06-23,69.58
ORD-14035,CUST-2385,2024-12-11,41.5
ORD-14036,CUST-2386,2024-10-30,132.04
ORD-14037,CUST-2386,2025-01-07,40.9
ORD-14038,CUST-2386,2025-09-26,49.55
ORD-14039,CUST-2386,2025-10-02,41.77
ORD-14040,CUST-2386,2025-10-13,20.92
ORD-14041,CUST-2387,2024-03-22,18.84
ORD-14042,CUST-2388,2024-04-15,17.67
ORD-14043,CUST-2388,2024-06-26,17.2
ORD-14044,CUST-2388,2024-08-06,31.02
ORD-14045,CUST-2388,2024-08-23,316.73
ORD-14046,CUST-2389,2024-12-17,266.14
ORD-14047,CUST-2389,2025-01-21,44.7
ORD-14048,CUST-2389,2025-02-23,137.01
ORD-14049,CUST-2389,2025-04-15,15.48
ORD-14050,CUST-2389,2025-05-25,13.63
ORD-14051,CUST-2389,2025-08-05,38.37
ORD-14052,CUST-2389,2025-09-07,116.69
ORD-14053,CUST-2390,2024-05-15,422.39
ORD-14054,CUST-2391,2024-04-04,43.26
ORD-14055,CUST-2391,2024-05-10,61.32
ORD-14056,CUST-2391,2024-08-21,43.63
ORD-14057,CUST-2391,2024-12-11,50.35
ORD-14058,CUST-2391,2025-02-15,185.59
ORD-14059,CUST-2392,2024-07-09,49.22
ORD-14060,CUST-2393,2024-12-23,229.63
ORD-14061,CUST-2393,2025-01-26,19.64
ORD-14062,CUST-2394,2024-06-24,35.89
ORD-14063,CUST-2394,2024-07-02,31.43
ORD-14064,CUST-2394,2024-07-16,63.26
ORD-14065,CUST-2394,2024-08-31,73.47
ORD-14066,CUST-2394,2024-09-27,48.05
ORD-14067,CUST-2394,2024-12-21,54.54
ORD-14068,CUST-2395,2025-01-11,397.44
ORD-14069,CUST-2395,2025-01-30,68.17
ORD-14070,CUST-2395,2025-03-02,66.43
ORD-14071,CUST-2396,2024-09-30,36.83
ORD-14072,CUST-2396,2025-01-21,84.76
ORD-14073,CUST-2396,2025-03-13,65.78
ORD-14074,CUST-2397,2024-09-09,106.53
ORD-14075,CUST-2397,2024-11-20,108.06
ORD-14076,CUST-2397,2024-12-06,253.32
ORD-14077,CUST-2397,2025-08-08,17.61
ORD-14078,CUST-2398,2025-01-22,19.46
ORD-14079,CUST-2399,2024-12-10,41.47
ORD-14080,CUST-2399,2025-01-01,59.81
ORD-14081,CUST-2399,2025-01-08,201.45
ORD-14082,CUST-2399,2025-01-19,164.16
ORD-14083,CUST-2399,2025-01-27,124.92
ORD-14084,CUST-2400,2024-10-12,65.14
ORD-14085,CUST-2401,2024-08-05,50.21
ORD-14086,CUST-2401,2024-09-01,85.07
ORD-14087,CUST-2401,2024-10-28,15.56
ORD-14088,CUST-2401,2024-11-20,46.99
ORD-14089,CUST-2401,2024-11-29,29.99
ORD-14090,CUST-2402,2024-10-14,50.09
ORD-14091,CUST-2402,2024-12-27,179.56
ORD-14092,CUST-2403,2024-05-14,43.73
ORD-14093,CUST-2403,2024-07-17,183.31
ORD-14094,CUST-2403,2024-09-04,113.9
ORD-14095,CUST-2404,2024-09-10,34.91
ORD-14096,CUST-2405,2024-01-07,37.6
ORD-14097,CUST-2405,2024-01-21,121.5
ORD-14098,CUST-2405,2024-04-18,31.95
ORD-14099,CUST-2405,2024-05-10,30.02
ORD-14100,CUST-2405,2024-08-30,57.9
ORD-14101,CUST-2406,2024-02-29,42.39
ORD-14102,CUST-2406,2024-03-29,76.9
ORD-14103,CUST-2406,2024-07-22,14.9
ORD-14104,CUST-2406,2024-08-08,26.5
ORD-14105,CUST-2406,2024-09-13,49.0
ORD-14106,CUST-2407,2024-12-28,29.87
ORD-14107,CUST-2407,2025-01-11,12.92
ORD-14108,CUST-2407,2025-03-12,192.68
ORD-14109,CUST-2407,2025-03-26,78.36
ORD-14110,CUST-2408,2024-01-01,98.03
ORD-14111,CUST-2408,2024-03-08,101.83
ORD-14112,CUST-2408,2024-04-01,60.52
ORD-14113,CUST-2408,2024-04-26,13.55
ORD-14114,CUST-2408,2024-06-07,21.09
ORD-14115,CUST-2409,2025-01-18,59.57
ORD-14116,CUST-2410,2024-12-03,41.63
ORD-14117,CUST-2411,2024-06-05,81.58
ORD-14118,CUST-2412,2024-06-17,18.51
ORD-14119,CUST-2412,2024-07-02,23.42
ORD-14120,CUST-2412,2024-08-05,61.47
ORD-14121,CUST-2413,2024-07-25,146.71
ORD-14122,CUST-2414,2024-01-08,31.32
ORD-14123,CUST-2415,2025-01-24,15.53
ORD-14124,CUST-2415,2025-06-13,69.19
ORD-14125,CUST-2415,2025-08-28,49.08
ORD-14126,CUST-2416,2024-09-17,92.55
ORD-14127,CUST-2416,2024-11-28,66.45
ORD-14128,CUST-2416,2024-12-26,234.26
ORD-14129,CUST-2416,2025-02-11,97.26
ORD-14130,CUST-2416,2025-03-07,84.55
ORD-14131,CUST-2417,2024-04-17,71.85
ORD-14132,CUST-2417,2024-05-18,71.57
ORD-14133,CUST-2418,2024-06-06,45.15
ORD-14134,CUST-2418,2024-06-24,23.59
ORD-14135,CUST-2418,2024-08-21,18.86
ORD-14136,CUST-2418,2024-12-28,126.42
ORD-14137,CUST-2418,2025-03-30,166.65
ORD-14138,CUST-2418,2025-04-27,134.4
ORD-14139,CUST-2419,2025-01-30,85.51
ORD-14140,CUST-2420,2024-12-01,24.58
ORD-14141,CUST-2421,2024-07-11,24.56
ORD-14142,CUST-2422,2024-08-14,34.3
ORD-14143,CUST-2423,2024-05-11,48.4
ORD-14144,CUST-2424,2024-06-21,43.81
ORD-14145,CUST-2425,2024-03-07,45.18
ORD-14146,CUST-2425,2024-03-29,19.14
ORD-14147,CUST-2425,2024-04-28,39.32
ORD-14148,CUST-2426,2024-10-12,74.05
ORD-14149,CUST-2427,2024-05-20,28.23
ORD-14150,CUST-2428,2024-03-12,113.06
ORD-14151,CUST-2428,2024-06-06,63.71
ORD-14152,CUST-2428,2024-07-17,77.47
ORD-14153,CUST-2428,2024-08-17,86.6
ORD-14154,CUST-2428,2024-08-27,223.84
ORD-14155,CUST-2428,2024-11-02,77.33
ORD-14156,CUST-2428,2024-11-24,23.91
ORD-14157,CUST-2428,2024-12-22,82.92
ORD-14158,CUST-2429,2024-06-29,104.87
ORD-14159,CUST-2429,2024-08-08,81.01
ORD-14160,CUST-2430,2024-03-04,43.89
ORD-14161,CUST-2430,2024-03-16,228.01
ORD-14162,CUST-2431,2024-11-22,76.68
ORD-14163,CUST-2432,2024-03-14,159.54
ORD-14164,CUST-2432,2024-05-19,19.76
ORD-14165,CUST-2432,2024-11-20,97.84
ORD-14166,CUST-2432,2025-02-18,15.71
ORD-14167,CUST-2432,2025-03-26,90.46
ORD-14168,CUST-2432,2025-05-05,83.91
ORD-14169,CUST-2432,2025-07-25,42.98
ORD-14170,CUST-2432,2025-10-22,24.06
ORD-14171,CUST-2433,2024-05-31,118.85
ORD-14172,CUST-2434,2024-09-07,79.15
ORD-14173,CUST-2434,2024-11-17,46.03
ORD-14174,CUST-2435,2024-07-28,40.12
ORD-14175,CUST-2435,2024-09-04,29.67
ORD-14176,CUST-2435,2024-09-11,67.75
ORD-14177,CUST-2435,2024-10-04,25.55
ORD-14178,CUST-2435,2024-10-26,15.78
ORD-14179,CUST-2436,2024-04-18,22.72
ORD-14180,CUST-2436,2024-06-03,56.16
ORD-14181,CUST-2436,2024-06-12,45.23
ORD-14182,CUST-2436,2024-07-19,126.5
ORD-14183,CUST-2436,2024-07-27,40.35
ORD-14184,CUST-2436,2024-10-17,80.45
ORD-14185,CUST-2436,2024-11-06,133.82
ORD-14186,CUST-2437,2024-01-13,13.86
ORD-14187,CUST-2437,2024-02-09,196.49
ORD-14188,CUST-2437,2024-05-16,59.06
ORD-14189,CUST-2437,2024-06-27,12.89
ORD-14190,CUST-2438,2024-12-13,79.51
ORD-14191,CUST-2439,2024-08-22,36.69
ORD-14192,CUST-2439,2025-07-11,102.31
ORD-14193,CUST-2439,2025-08-27,48.27
ORD-14194,CUST-2440,2024-06-07,185.8
ORD-14195,CUST-2441,2024-04-07,35.41
ORD-14196,CUST-2442,2024-11-09,83.36
ORD-14197,CUST-2442,2025-01-04,55.2
ORD-14198,CUST-2442,2025-02-27,17.91
ORD-14199,CUST-2442,2025-05-28,16.21
ORD-14200,CUST-2443,2024-10-23,38.37
ORD-14201,CUST-2443,2024-11-27,173.62
ORD-14202,CUST-2443,2025-04-21,182.69
ORD-14203,CUST-2443,2025-05-09,29.7
ORD-14204,CUST-2443,2025-05-29,50.34
ORD-14205,CUST-2444,2024-11-21,14.63
ORD-14206,CUST-2444,2024-11-28,113.75
ORD-14207,CUST-2445,2024-09-12,139.92
ORD-14208,CUST-2446,2024-07-28,132.63
ORD-14209,CUST-2446,2024-08-07,115.4
ORD-14210,CUST-2446,2024-08-21,119.81
ORD-14211,CUST-2446,2024-10-07,26.46
ORD-14212,CUST-2446,2024-11-09,86.95
ORD-14213,CUST-2446,2024-12-29,48.72
ORD-14214,CUST-2446,2025-04-16,60.11
ORD-14215,CUST-2447,2024-07-30,118.28
ORD-14216,CUST-2448,2024-09-16,167.79
ORD-14217,CUST-2448,2024-10-15,37.04
ORD-14218,CUST-2448,2024-11-11,49.66
ORD-14219,CUST-2448,2024-11-19,57.35
ORD-14220,CUST-2448,2024-12-24,70.21
ORD-14221,CUST-2448,2025-01-18,74.22
ORD-14222,CUST-2448,2025-04-27,214.75
ORD-14223,CUST-2448,2025-06-10,15.33
ORD-14224,CUST-2449,2024-03-08,15.53
ORD-14225,CUST-2449,2024-06-25,63.08
ORD-14226,CUST-2450,2024-09-29,87.94
ORD-14227,CUST-2450,2025-01-18,42.84
ORD-14228,CUST-2450,2025-03-03,13.3
ORD-14229,CUST-2450,2025-03-26,16.68
ORD-14230,CUST-2450,2025-05-03,123.05
ORD-14231,CUST-2450,2025-05-18,61.22
ORD-14232,CUST-2451,2024-08-22,14.57
ORD-14233,CUST-2452,2024-08-17,131.01
ORD-14234,CUST-2453,2024-12-08,166.38
ORD-14235,CUST-2453,2025-03-08,125.66
ORD-14236,CUST-2454,2024-10-06,213.75
ORD-14237,CUST-2454,2024-12-05,344.09
ORD-14238,CUST-2454,2025-01-31,14.77
ORD-14239,CUST-2454,2025-04-24,34.27
ORD-14240,CUST-2454,2025-05-25,36.82
ORD-14241,CUST-2454,2025-06-13,49.2
ORD-14242,CUST-2455,2024-12-07,60.34
ORD-14243,CUST-2455,2025-01-24,18.73
ORD-14244,CUST-2455,2025-02-23,29.26
ORD-14245,CUST-2455,2025-03-13,58.09
ORD-14246,CUST-2455,2025-06-01,101.01
ORD-14247,CUST-2455,2025-07-16,62.89
ORD-14248,CUST-2456,2024-01-04,127.7
ORD-14249,CUST-2456,2024-03-03,82.97
ORD-14250,CUST-2456,2024-03-11,41.72
ORD-14251,CUST-2456,2024-07-17,141.51
ORD-14252,CUST-2457,2024-09-29,233.13
ORD-14253,CUST-2458,2025-01-16,83.5
ORD-14254,CUST-2459,2024-07-14,51.43
ORD-14255,CUST-2460,2024-04-16,16.75
ORD-14256,CUST-2460,2024-07-01,75.69
ORD-14257,CUST-2460,2024-07-23,24.13
ORD-14258,CUST-2460,2024-07-29,24.36
ORD-14259,CUST-2460,2024-08-30,30.96
ORD-14260,CUST-2460,2024-09-17,147.96
ORD-14261,CUST-2460,2024-10-24,97.43
ORD-14262,CUST-2461,2024-02-18,145.27
ORD-14263,CUST-2462,2025-01-18,18.14
ORD-14264,CUST-2463,2024-12-21,170.24
ORD-14265,CUST-2463,2025-02-06,106.96
ORD-14266,CUST-2463,2025-04-12,82.97
ORD-14267,CUST-2464,2024-11-16,90.05
ORD-14268,CUST-2464,2025-03-25,24.26
ORD-14269,CUST-2464,2025-05-16,30.7
ORD-14270,CUST-2464,2025-09-03,19.31
ORD-14271,CUST-2465,2024-04-28,33.97
ORD-14272,CUST-2465,2024-08-10,234.47
ORD-14273,CUST-2465,2024-08-18,53.93
ORD-14274,CUST-2465,2024-09-27,18.84
ORD-14275,CUST-2466,2024-10-08,22.06
ORD-14276,CUST-2467,2024-02-16,34.9
ORD-14277,CUST-2467,2024-07-26,37.51
ORD-14278,CUST-2467,2024-08-04,92.42
ORD-14279,CUST-2467,2024-10-07,34.35
ORD-14280,CUST-2467,2024-10-27,53.63
ORD-14281,CUST-2467,2024-11-01,113.73
ORD-14282,CUST-2467,2024-11-23,137.46
ORD-14283,CUST-2467,2025-02-09,82.89
ORD-14284,CUST-2467,2025-03-03,59.71
ORD-14285,CUST-2467,2025-04-03,39.4
ORD-14286,CUST-2468,2025-01-25,70.1
ORD-14287,CUST-2468,2025-03-03,60.64
ORD-14288,CUST-2469,2024-02-24,67.78
ORD-14289,CUST-2469,2024-03-04,27.31
ORD-14290,CUST-2469,2024-03-10,59.31
ORD-14291,CUST-2469,2024-03-18,53.69
ORD-14292,CUST-2470,2024-09-26,158.81
ORD-14293,CUST-2471,2024-08-16,30.05
ORD-14294,CUST-2471,2024-08-27,42.94
ORD-14295,CUST-2471,2024-10-31,173.65
ORD-14296,CUST-2471,2024-12-02,79.42
ORD-14297,CUST-2471,2024-12-11,165.14
ORD-14298,CUST-2471,2025-01-22,111.02
ORD-14299,CUST-2471,2025-04-08,31.76
ORD-14300,CUST-2471,2025-05-16,222.51
ORD-14301,CUST-2472,2024-01-15,128.24
ORD-14302,CUST-2472,2024-04-14,77.6
ORD-14303,CUST-2472,2024-05-08,17.69
ORD-14304,CUST-2472,2024-07-14,96.78
ORD-14305,CUST-2472,2024-11-05,97.73
ORD-14306,CUST-2472,2025-01-28,101.57
ORD-14307,CUST-2473,2024-08-05,33.46
ORD-14308,CUST-2473,2024-08-21,61.22
ORD-14309,CUST-2473,2024-09-03,117.25
ORD-14310,CUST-2473,2024-10-07,67.94
ORD-14311,CUST-2474,2024-11-04,28.9
ORD-14312,CUST-2475,2024-10-15,90.72
ORD-14313,CUST-2475,2025-03-12,71.49
ORD-14314,CUST-2475,2025-05-01,135.5
ORD-14315,CUST-2475,2025-06-24,98.32
ORD-14316,CUST-2476,2024-07-21,52.04
ORD-14317,CUST-2477,2024-09-10,70.31
ORD-14318,CUST-2477,2025-01-04,161.05
ORD-14319,CUST-2477,2025-06-17,84.06
ORD-14320,CUST-2477,2025-11-29,128.63
ORD-14321,CUST-2477,2025-12-18,48.75
ORD-14322,CUST-2477,2026-01-04,12.77
ORD-14323,CUST-2478,2024-05-05,105.73
ORD-14324,CUST-2479,2024-06-12,324.63
ORD-14325,CUST-2479,2024-06-17,26.78
ORD-14326,CUST-2479,2024-07-01,94.58
ORD-14327,CUST-2479,2024-07-25,52.22
ORD-14328,CUST-2480,2024-11-12,66.85
ORD-14329,CUST-2480,2025-01-13,47.74
ORD-14330,CUST-2481,2024-07-06,100.19
ORD-14331,CUST-2482,2024-10-04,43.77
ORD-14332,CUST-2482,2024-10-15,141.26
ORD-14333,CUST-2483,2024-08-02,179.35
ORD-14334,CUST-2484,2024-08-21,73.99
ORD-14335,CUST-2484,2024-10-23,105.59
ORD-14336,CUST-2484,2025-01-02,83.28
ORD-14337,CUST-2484,2025-01-17,46.16
ORD-14338,CUST-2485,2024-03-31,58.31
ORD-14339,CUST-2485,2024-05-16,13.14
ORD-14340,CUST-2486,2024-08-14,111.63
ORD-14341,CUST-2486,2024-08-20,239.14
ORD-14342,CUST-2486,2024-11-07,102.91
ORD-14343,CUST-2486,2025-01-15,44.53
ORD-14344,CUST-2487,2024-04-26,64.6
ORD-14345,CUST-2488,2024-07-25,101.61
ORD-14346,CUST-2488,2024-08-04,28.78
ORD-14347,CUST-2488,2024-08-30,41.55
ORD-14348,CUST-2488,2024-09-26,115.04
ORD-14349,CUST-2488,2024-10-18,57.8
ORD-14350,CUST-2489,2024-11-19,30.64
ORD-14351,CUST-2489,2025-02-28,66.02
ORD-14352,CUST-2490,2024-02-05,127.46
ORD-14353,CUST-2490,2024-02-12,24.56
ORD-14354,CUST-2490,2024-04-28,12.57
ORD-14355,CUST-2490,2024-05-17,69.52
ORD-14356,CUST-2490,2024-07-01,110.08
ORD-14357,CUST-2491,2024-09-02,14.46
ORD-14358,CUST-2491,2024-10-08,118.5
ORD-14359,CUST-2491,2024-11-17,32.92
ORD-14360,CUST-2491,2025-01-30,32.93
ORD-14361,CUST-2491,2025-04-04,73.75
ORD-14362,CUST-2491,2025-04-17,165.59
ORD-14363,CUST-2492,2024-04-15,26.99
ORD-14364,CUST-2493,2024-10-05,77.83
ORD-14365,CUST-2493,2024-10-15,111.23
ORD-14366,CUST-2493,2024-12-16,81.83
ORD-14367,CUST-2493,2024-12-28,32.78
ORD-14368,CUST-2493,2025-01-24,33.85
ORD-14369,CUST-2494,2024-11-13,233.59
ORD-14370,CUST-2494,2025-01-15,333.72
ORD-14371,CUST-2494,2025-03-08,28.44
ORD-14372,CUST-2494,2025-03-23,38.01
ORD-14373,CUST-2495,2024-10-15,103.95
ORD-14374,CUST-2495,2024-10-31,57.68
ORD-14375,CUST-2495,2024-11-24,108.57
ORD-14376,CUST-2495,2025-01-11,54.51
ORD-14377,CUST-2495,2025-03-25,29.93
ORD-14378,CUST-2496,2025-01-27,91.63
ORD-14379,CUST-2496,2025-04-04,16.92
ORD-14380,CUST-2496,2025-06-12,109.38
ORD-14381,CUST-2496,2025-08-06,34.94
ORD-14382,CUST-2496,2025-09-10,20.11
ORD-14383,CUST-2496,2025-10-13,30.67
ORD-14384,CUST-2497,2024-01-31,176.59
ORD-14385,CUST-2498,2025-01-03,25.3
ORD-14386,CUST-2499,2024-02-29,14.23
ORD-14387,CUST-2500,2024-02-02,55.2
ORD-14388,CUST-2500,2024-03-01,73.07
ORD-14389,CUST-2500,2024-03-31,189.25
